SR NO.,Player,Match,Inns,NOT OUT,Runs,HS,Ave,SR,BF,100,50
1,SR Tendulkar,463,452,41,18426,200,44.83,86.23,21368,49,96
2,V Kohli,292,280,44,13848,183,58.67,93.58,14798,50,72
3,SC Ganguly,308,297,23,11221,183,40.95,73.65,15236,22,71
4,R Dravid,340,314,39,10768,153,39.15,71.18,15128,12,82
5,RG Sharma,262,254,36,10709,264,49.12,91.97,11644,31,55
6,MS Dhoni,347,294,83,10599,183,50.23,87.13,12165,9,73
7,M Azharuddin,334,308,54,9378,153,36.92,74.02,12670,7,58
8,Yuvraj Singh,301,275,39,8609,150,36.47,87.43,9847,14,52
9,V Sehwag,241,235,9,7995,219,35.37,104.44,7655,15,37
10,S Dhawan,167,164,10,6793,143,44.11,91.35,7436,17,39
11,SK Raina,226,194,35,5615,116,35.31,93.5,6005,5,36
12,A Jadeja,196,179,36,5359,119,37.47,69.79,7679,6,30
13,G Gambhir,147,143,11,5238,150,39.68,85.25,6144,11,34
14,NS Sidhu,136,127,8,4413,134,37.08,69.72,6330,6,33
15,K Srikkanth,146,145,4,4091,123,29.01,71.74,5703,4,27
16,N Kapil Dev,225,198,39,3783,175,23.79,95.07,3979,1,14
17,DB Vengsarkar,129,120,19,3508,105,34.73,67.73,5179,1,23
18,RJ Shastri,150,128,21,3108,109,29.04,61.07,5089,4,18
19,SM Gavaskar,108,102,14,3092,103,35.13,62.26,4966,1,27
20,AM Rahane,90,87,3,2962,111,35.26,78.63,3767,3,24
21,KL Rahul,75,70,14,2820,112,50.35,87.82,3211,7,18
22,RA Jadeja,197,132,47,2756,87,32.42,85.06,3240,0,13
23,M Kaif,125,110,24,2753,111,32.01,72.03,3822,2,17
24,VG Kambli,104,97,21,2477,106,32.59,71.94,3443,2,14
25,SS Iyer,59,54,6,2383,128,49.64,101.27,2353,5,18
26,VVS Laxman,86,83,7,2338,131,30.76,71.23,3282,6,10
27,RR Singh,136,113,23,2336,100,25.95,74.3,3144,1,9
28,Shubman Gill,44,44,7,2271,208,61.37,103.46,2195,6,13
29,SV Manjrekar,74,70,10,1994,105,33.23,64.3,3101,1,15
30,M Amarnath,85,75,12,1924,102,30.53,57.7,3334,2,13
31,M Prabhakar,130,98,21,1858,106,24.12,60.26,3083,2,11
32,HH Pandya,86,61,9,1769,92,34.01,110.35,1603,0,11
33,KD Karthik,94,79,21,1752,79,30.2,73.24,2392,0,9
34,AT Rayudu,55,50,14,1694,124,47.05,79.04,2143,3,10
35,IK Pathan,120,87,21,1544,83,23.39,79.54,1941,0,5
36,KM Jadhav,73,52,19,1389,120,42.09,101.6,1367,2,6
37,NR Mongia,140,96,33,1272,69,20.19,68.94,1845,0,2
38,AB Agarkar,191,113,26,1269,95,14.58,80.62,1574,0,3
39,D Mongia,57,51,7,1230,159,27.95,71.47,1721,1,4
40,Harbhajan Singh,234,126,35,1213,49,13.32,80.75,1502,0,0
41,SM Patil,45,42,1,1005,84,24.51,82.17,1223,0,9
42,RV Uthappa,46,42,6,934,86,25.94,90.59,1031,0,6
43,Ishan Kishan,27,24,2,933,210,42.4,102.19,913,1,7
44,A Kumble,269,134,47,903,26,10.37,60.97,1481,0,0
45,Yashpal Sharma,42,40,9,883,89,28.48,63.02,1401,0,4
46,J Srinath,229,121,38,883,53,10.63,79.62,1109,0,1
47,HK Badani,40,36,10,867,100,33.34,73.47,1180,1,4
48,RR Pant,30,26,1,865,125,34.6,106.65,811,1,5
49,YK Pathan,57,41,11,810,123,27,113.6,713,2,3
50,R Lamba,32,31,2,783,102,27,67.15,1166,1,6
51,SA Yadav,37,35,5,773,72,25.76,105.02,736,0,4
52,Z Khan,194,96,31,753,34,11.58,72.33,1041,0,0
53,PA Patel,38,34,3,736,95,23.74,76.5,962,0,4
54,R Ashwin,116,63,20,707,65,16.44,86.96,813,0,1
55,S Ramesh,24,24,1,646,82,28.08,59.15,1092,0,6
56,RMH Binny,72,49,10,629,57,16.12,60.13,1046,0,1
57,WV Raman,27,27,1,617,114,23.73,55.63,1109,1,3
58,SB Joshi,69,45,11,584,61,17.17,89.43,653,0,1
59,MK Pandey,29,24,7,566,104,33.29,90.56,625,1,2
60,KS More,94,65,22,563,42,13.09,69.67,808,0,0
61,B Kumar,121,55,16,552,53,14.15,73.89,747,0,1
62,PK Amre,37,30,5,513,84,20.52,64.2,799,0,2
63,SV Samson,16,14,5,510,108,56.66,99.6,512,1,3
64,AR Patel,57,36,10,489,64,18.8,97.99,499,0,2
65,AO Malhotra,20,19,4,457,65,30.46,70.85,645,0,1
66,C Sharma,65,35,16,456,101,24,90.47,504,1,0
67,GR Viswanath,25,23,1,439,75,19.95,52.89,830,0,2
68,AK Sharma,31,27,6,424,59,20.19,90.4,469,0,3
69,S Madan Lal,67,35,14,401,53,19.09,62.17,645,0,1
70,SMH Kirmani,49,31,13,373,48,20.72,60.55,616,0,0
71,SS Karim,34,27,4,362,55,15.73,64.64,560,0,1
72,M Vijay,17,16,0,339,72,21.18,66.99,506,0,1
73,HH Kanitkar,34,27,8,339,57,17.84,66.21,512,0,1
74,SN Thakur,47,25,6,329,50,17.31,105.11,313,0,1
75,N Chopra,39,26,6,310,61,15.5,62.24,498,0,1
76,P Kumar,68,33,12,292,54,13.9,88.21,331,0,1
77,CS Pandit,36,23,9,290,33,20.71,72.5,400,0,0
78,MK Tiwary,12,12,1,287,104,26.09,71.21,403,1,1
79,RS Sodhi,18,14,3,280,67,25.45,73.49,381,0,2
80,AD Gaekwad,15,14,1,269,78,20.69,52.84,509,0,1
81,KBJ Azad,25,21,2,269,39,14.15,67.25,400,0,0
82,Washington Sundar,19,11,1,265,51,26.5,85.2,311,0,1
83,SS Dighe,23,17,6,256,94,23.27,60.8,421,0,1
84,BP Patel,10,9,1,243,82,30.37,60.9,399,0,1
85,STR Binny,14,11,3,230,77,28.75,93.49,246,0,1
86,V Shankar,12,8,1,223,46,31.85,90.65,246,0,0
87,BKV Prasad,161,63,31,221,19,6.9,60.21,367,0,0
88,Mohammed Shami,101,48,20,220,25,7.85,83.01,265,0,0
89,Y Venugopal Rao,16,11,2,218,61,24.22,60.05,363,0,1
90,V Dahiya,19,15,2,216,51,16.61,80.89,267,0,1
91,DL Chahar,13,9,3,203,69,33.83,98.06,207,0,2
92,V Rathour,7,7,0,193,54,27.57,58.3,331,0,2
93,Kuldeep Yadav,103,37,18,190,19,10,56.21,338,0,0
94,PP Shaw,6,6,0,189,49,31.5,113.85,166,0,0
95,SB Bangar,15,15,2,180,57,13.84,75.31,239,0,1
96,SC Khanna,10,10,2,176,56,22,66.41,265,0,2
97,GAHM Parkar,10,10,1,165,42,18.33,49.69,332,0,0
98,RR Powar,31,19,5,163,54,11.64,62.69,260,0,1
99,JJ Martin,10,8,1,158,39,22.57,47.73,331,0,0
100,AC Bedade,13,10,3,158,51,22.57,86.33,183,0,1
101,CPS Chauhan,7,7,0,153,46,21.85,50.83,301,0,0
102,DJ Hooda,10,7,1,153,33,25.5,80.95,189,0,0
103,RS Gavaskar,11,10,2,151,54,18.87,64.52,234,0,1
104,AR Khurasiya,12,11,0,149,57,13.54,79.25,188,0,1
105,A Nehra,117,45,21,140,24,5.83,57.37,244,0,0
106,R Vijay Bharadwaj,10,9,4,136,41,27.2,70.1,194,0,0
107,RK Chauhan,35,18,5,132,32,10.15,77.19,171,0,0
108,MSK Prasad,17,11,2,131,63,14.55,58.22,225,0,1
109,KH Pandya,5,4,2,130,58,65,101.56,128,0,1
110,B Sai Sudharsan,3,3,1,127,62,63.5,89.43,142,0,2
111,M Kartik,37,14,5,126,32,14,70.78,178,0,0
112,J Arun Lal,13,13,0,122,51,9.38,52.58,232,0,1
113,L Balaji,30,16,6,120,21,12,78.94,152,0,0
114,V Yadav,19,12,2,118,34,11.8,101.72,116,0,0
115,Arshad Ayub,32,17,7,116,31,11.6,71.6,162,0,0
116,GK Khoda,2,2,0,115,89,57.5,62.16,185,0,1
117,RD Gaikwad,6,6,0,115,71,19.16,73.24,157,0,1
118,FM Engineer,5,4,1,114,54,38,58.46,195,0,1
119,KD Ghavri,19,16,6,114,20,11.4,58.76,194,0,0
120,NA Saini,8,5,3,107,45,53.5,78.1,137,0,0
121,RP Singh,58,20,10,104,23,10.4,42.97,242,0,0
122,S Amarnath,3,3,0,100,62,33.33,84.03,119,0,1
123,S Abid Ali,5,3,0,93,70,31,70.45,132,0,1
124,JJ Bumrah,89,26,14,91,16,7.58,57.23,159,0,0
125,A Ratra,12,8,1,90,30,12.85,70.86,127,0,0
126,VB Chandrasekhar,7,7,0,88,53,12.57,54.32,162,0,1
127,MA Agarwal,5,5,0,86,32,17.2,103.61,83,0,0
128,R Vinay Kumar,31,13,4,86,27,9.55,58.9,146,0,0
129,S Sriram,8,7,1,81,57,13.5,60,135,0,1
130,Jai P Yadav,12,7,3,81,69,20.25,65.85,123,0,1
131,SK Sharma,23,12,4,80,28,10,59.25,135,0,0
132,S Badrinath,7,6,1,79,27,15.8,45.93,172,0,0
133,UT Yadav,75,24,14,79,18,7.9,58.95,134,0,0
134,YS Chahal,72,14,5,77,18,8.55,54.6,141,0,0
135,MM Patel,70,27,16,74,15,6.72,66.07,112,0,0
136,AL Wadekar,2,2,0,73,67,36.5,81.11,90,0,1
137,S Viswanath,22,12,4,72,23,9,51.79,139,0,0
138,I Sharma,80,28,13,72,13,4.8,35.46,203,0,0
139,NT Tilak Varma,4,4,1,68,52,22.66,57.14,119,0,1
140,FY Fazal,1,1,1,55,55,0,90.16,61,0,1
141,RK Singh,2,2,0,55,38,27.5,134.14,41,0,0
142,JV Paranjpe,4,4,1,54,27,18,59.34,91,0,0
143,S Venkataraghavan,15,9,4,54,26,10.8,42.85,126,0,0
144,A Mithun,5,3,0,51,24,17,92.72,55,0,0
145,D Dasgupta,5,4,1,51,24,17,62.19,82,0,0
146,CA Pujara,5,5,0,51,27,10.2,39.23,130,0,0
147,BS Sandhu,22,7,3,51,16,12.75,52.57,97,0,0
148,SS Tiwary,3,2,2,49,37,0,87.5,56,0,0
149,DJ Gandhi,3,3,0,49,30,16.33,50.51,97,0,0
150,ST Banerjee,6,5,3,49,25,24.5,116.66,42,0,0
151,SA Abbott,18,14,1,228,54,17.53,107.54,212,1,1
152,AC Agar,22,18,5,322,48,24.76,82.98,388,0,3
153,WA Agar,2,2,0,50,41,25,119.04,42,0,0
154,TM Alderman,65,18,6,32,9,2.66,32.98,97,0,6
155,GJ Bailey,90,85,10,3044,156,40.58,83.51,3645,22,3
156,JP Behrendorff,12,6,3,21,11,7,91.3,23,0,1
157,MJ Bennett,8,4,1,9,6,3,42.85,21,0,2
158,MG Bevan,232,196,67,6912,108,53.58,74.16,9320,46,5
159,AJ Bichel,67,36,13,471,64,20.47,78.5,600,1,5
160,GA Bishop,2,2,0,13,7,6.5,29.54,44,0,0
161,GS Blewett,32,30,3,551,57,20.4,61.97,889,2,3
162,SM Boland,14,4,1,9,4,3,40.9,22,0,1
163,DE Bollinger,39,8,2,50,30,8.33,92.59,54,0,1
164,DC Boon,181,177,16,5964,122,37.04,65.13,9157,37,6
165,AR Border,273,252,39,6524,127,30.62,71.42,9135,39,11
166,NW Bracken,116,35,18,199,21,11.7,70.56,282,0,5
167,RJ Bright,11,8,4,66,19,16.5,54.09,122,0,1
168,JA Burns,6,6,0,146,69,24.33,79.34,184,1,1
169,IW Callen,5,3,2,6,3,6,46.15,13,0,1
170,GD Campbell,12,3,1,6,4,3,31.57,19,0,1
171,RJ Campbell,2,2,0,54,38,27,77.14,70,0,0
172,AT Carey,72,66,11,1814,106,32.98,88.4,2052,8,4
173,PH Carlson,4,2,0,11,11,5.5,36.66,30,0,1
174,HWR Cartwright,2,2,0,2,1,1,8.69,23,0,0
175,GS Chappell,74,72,14,2331,138,40.18,75.7,3079,14,7
176,IM Chappell,16,16,2,673,86,48.07,77,874,8,0
177,TM Chappell,20,13,0,229,110,17.61,62.73,365,0,2
178,DT Christian,20,18,5,273,39,21,88.92,307,0,0
179,SR Clark,39,12,7,69,16,13.8,78.4,88,0,1
180,MJ Cosgrove,3,3,0,112,74,37.33,96.55,116,1,0
181,GJ Cosier,9,7,2,154,84,30.8,92.77,166,1,1
182,NM Coulter-Nile,32,21,6,252,92,16.8,96.18,262,1,2
183,DJ Cullen,5,1,1,2,2,0,66.66,3,0,0
184,PJ Cummins,88,57,21,492,37,13.66,75.11,655,0,8
185,BCJ Cutting,4,2,0,53,27,26.5,79.1,67,0,0
186,AC Dale,30,12,8,78,15,19.5,57.35,136,0,1
187,WM Darling,18,18,1,363,74,21.35,53.46,679,1,0
188,TH David,4,4,0,45,35,11.25,84.9,53,0,0
189,IC Davis,3,3,1,12,11,6,34.28,35,0,1
190,SP Davis,39,11,7,20,6,5,58.82,34,0,1
191,MJ Di Venuto,9,9,0,241,89,26.77,85.76,281,2,0
192,AIC Dodemaide,24,16,7,124,30,13.77,77.98,159,0,1
193,XJ Doherty,60,23,16,101,15,14.42,54.89,184,0,2
194,BR Dorey,4,1,0,2,2,2,25,8,0,0
195,GC Dyer,23,13,2,174,45,15.81,76.65,227,0,1
196,G Dymock,15,7,4,35,14,11.66,42.68,82,0,1
197,J Dyson,29,27,4,755,79,32.82,48.61,1553,4,1
198,R Edwards,9,8,1,255,80,36.42,73.06,349,3,1
199,WJ Edwards,1,1,0,2,2,2,14.28,14,0,0
200,MTG Elliott,1,1,0,1,1,1,16.66,6,0,0
201,NT Ellis,8,7,4,63,18,21,108.62,58,0,0
202,PA Emery,1,1,1,11,11,0,84.61,13,0,0
203,JP Faulkner,69,52,22,1032,116,34.4,104.24,990,4,4
204,Fawad Ahmed,3,1,1,4,4,0,200,2,0,0
205,CJ Ferguson,30,25,9,663,71,41.43,85.32,777,5,0
206,AJ Finch,146,142,3,5406,153,38.89,87.73,6162,30,16
207,DW Fleming,88,31,18,152,29,11.69,68.77,221,0,5
208,PJ Forrest,15,14,0,368,104,26.28,65.59,561,3,2
209,B Geeves,2,2,2,10,10,0,90.9,11,0,0
210,DR Gilbert,14,8,3,39,8,7.8,38.23,102,0,0
211,AC Gilchrist,286,278,11,9595,172,35.93,96.89,9903,55,19
212,JN Gillespie,97,39,16,289,44,12.56,78.74,367,0,8
213,GJ Gilmour,5,2,1,42,28,42,107.69,39,0,0
214,SF Graf,11,6,0,24,8,4,48,50,0,1
215,C Green,23,20,7,442,89,34,83.39,530,1,0
216,BJ Haddin,126,115,16,3122,110,31.53,84.24,3706,16,2
217,JR Hammond,1,1,1,15,15,0,53.57,28,0,0
218,PSP Handscomb,22,20,1,632,117,33.26,97.38,649,4,2
219,AM Hardie,1,1,0,3,3,3,60,5,0,0
220,RJ Harris,21,13,7,48,21,8,100,48,0,0
221,JW Hastings,29,21,11,271,51,27.1,99.26,273,1,1
222,NM Hauritz,58,32,17,336,53,22.4,96.27,349,1,0
223,ML Hayden,160,154,15,6131,181,44.1,78.98,7763,36,9
224,JR Hazlewood,85,31,24,121,23,17.28,90.97,133,0,3
225,TM Head,64,61,5,2393,152,42.73,102.61,2332,16,3
226,IA Healy,168,120,36,1764,56,21,83.84,2104,4,9
227,SD Heazlett,1,1,0,4,4,4,36.36,11,0,0
228,MC Henriques,16,15,2,117,22,9,60.93,192,0,0
229,AMJ Hilditch,8,8,0,226,72,28.25,47.47,476,1,0
230,BW Hilfenhaus,25,11,8,29,16,9.66,42.02,69,0,0
231,BJ Hodge,25,21,2,575,123,30.26,87.51,657,3,3
232,TG Hogan,16,12,4,72,27,9,75.78,95,0,1
233,GB Hogg,123,65,26,790,71,20.25,78.6,1005,2,9
234,RM Hogg,71,35,20,137,22,9.13,63.13,217,0,2
235,DW Hookes,39,36,2,826,76,24.29,72.07,1146,5,3
236,JR Hopes,84,61,8,1326,63,25.01,93.71,1415,3,1
237,KJ Hughes,97,88,6,1968,98,24,67.42,2919,17,12
238,MG Hughes,33,17,8,100,20,11.11,74.62,134,0,3
239,PJ Hughes,25,24,1,826,138,35.91,75.09,1100,4,1
240,AG Hurst,8,4,4,7,3,0,36.84,19,0,0
241,DJ Hussey,69,61,6,1796,111,32.65,90.7,1980,14,4
242,MEK Hussey,185,157,44,5442,109,48.15,87.16,6244,39,3
243,JP Inglis,18,16,0,302,58,18.87,94.08,321,2,2
244,PA Jaques,6,6,0,125,94,20.83,71.02,176,1,1
245,TJ Jenner,1,1,0,12,12,12,48,25,0,0
246,MG Johnson,153,91,32,951,73,16.11,96.35,987,2,6
247,DM Jones,164,161,25,6068,145,44.61,72.56,8363,46,6
248,BP Julian,25,17,0,224,35,13.17,89.6,250,0,4
249,MS Kasprowicz,43,13,9,74,28,18.5,83.14,89,0,2
250,SM Katich,45,42,5,1324,107,35.78,68.74,1926,9,3
251,MF Kent,5,5,1,78,33,19.5,58.64,133,0,0
252,RB Kerr,4,4,1,97,87,32.33,61,159,1,0
253,UT Khawaja,40,39,2,1554,104,42,84.09,1848,12,2
254,JJ Krejza,8,2,1,13,7,13,56.52,23,0,0
255,MP Kuhnemann,4,2,0,16,15,8,114.28,14,0,0
256,M Labuschagne,49,46,3,1630,124,37.9,83.12,1961,11,2
257,BM Laird,23,23,3,594,117,29.7,53.75,1105,2,0
258,JL Langer,8,7,2,160,36,32,88.88,180,0,0
259,B Laughlin,5,1,1,1,1,0,11.11,9,0,0
260,TJ Laughlin,6,5,1,105,74,26.25,65.62,160,1,0
261,SG Law,54,51,5,1237,110,26.89,75.28,1643,7,3
262,WM Lawry,1,1,0,27,27,27,55.1,49,0,0
263,GF Lawson,79,52,18,378,33,11.11,75.6,500,0,9
264,B Lee,221,110,44,1176,59,17.81,83.58,1407,3,16
265,S Lee,45,35,8,477,47,17.66,95.4,500,0,3
266,DS Lehmann,117,101,22,3078,119,38.96,81.34,3784,17,4
267,ML Lewis,7,1,1,4,4,0,100,4,0,0
268,DK Lillee,63,34,8,240,42,9.23,75,320,0,6
269,CA Lynn,4,4,0,75,44,18.75,84.26,89,0,1
270,NM Lyon,29,14,10,77,30,19.25,92.77,83,0,1
271,RB McCosker,14,14,0,320,95,22.85,51.36,623,2,2
272,RJ McCurdy,11,6,2,33,13,8.25,46.47,71,0,1
273,BR McDermott,5,5,0,223,104,44.6,80.21,278,1,1
274,CJ McDermott,138,78,17,432,37,7.08,87.8,492,0,15
275,SCG MacGill,3,2,1,1,1,1,33.33,3,0,0
276,GD McGrath,249,67,38,115,11,3.96,48.93,235,0,13
277,CJ McKay,59,31,10,190,30,9.04,56.37,337,0,3
278,JA Maclean,2,1,0,11,11,11,33.33,33,0,0
279,KH MacLeay,16,13,2,139,41,12.63,81.76,170,0,0
280,JN Maguire,23,11,5,42,14,7,59.15,71,0,1
281,JP Maher,26,20,3,438,95,25.76,65.08,673,1,1
282,AA Mallett,9,3,1,14,8,7,38.88,36,0,1
283,MF Malone,10,7,3,36,15,9,57.14,63,0,0
284,GA Manou,4,1,0,7,7,7,116.66,6,0,0
285,GR Marsh,117,115,6,4357,126,39.97,55.93,7790,22,4
286,MR Marsh,89,85,11,2672,177,36.1,96.18,2778,18,7
287,RW Marsh,92,76,15,1225,66,20.08,82.26,1489,4,7
288,SE Marsh,73,72,4,2773,151,40.77,81.41,3406,15,3
289,DR Martyn,208,182,51,5346,144,40.8,77.73,6878,37,10
290,RAL Massie,3,1,1,16,16,0,66.66,24,0,0
291,GRJ Matthews,59,50,13,619,54,16.72,67.94,911,1,5
292,GJ Maxwell,138,127,17,3895,201,35.4,126.91,3069,23,10
293,TBA May,47,12,8,39,15,9.75,75,52,0,0
294,JM Mennie,2,2,0,1,1,0.5,25,4,0,1
295,TM Moody,76,64,12,1211,89,23.28,69.31,1747,10,6
296,JK Moss,1,1,0,7,7,7,43.75,16,0,0
297,DP Nannes,1,1,0,1,1,1,50,2,0,0
298,MG Neser,4,4,0,11,6,2.75,37.93,29,0,1
299,MJ North,2,2,0,6,5,3,31.57,19,0,0
300,SP O'Donnell,87,64,15,1242,74,25.34,80.96,1534,9,5
301,KJ O'Keeffe,2,2,1,16,16,16,42.1,38,0,1
302,TD Paine,35,35,3,890,111,27.81,70.8,1257,5,1
303,LS Pascoe,29,11,7,39,15,9.75,38.23,102,0,2
304,JL Pattinson,15,8,4,42,13,10.5,52.5,80,0,0
305,JR Philippe,3,3,0,65,39,21.66,73.03,89,0,0
306,WB Phillips,48,41,6,852,75,24.34,85.71,994,6,1
307,RT Ponting,374,364,39,13589,164,41.81,80.19,16946,82,20
308,GD Porter,2,1,0,3,3,3,33.33,9,0,0
309,CG Rackemann,52,18,6,34,9,2.83,44.15,77,0,6
310,IR Redpath,5,5,0,46,24,9.2,68.65,67,0,1
311,BA Reid,61,21,8,49,10,3.76,41.88,117,0,1
312,PR Reiffel,92,57,21,503,58,13.97,70.94,709,1,5
313,JA Richardson,15,9,4,93,29,18.6,86.91,107,0,0
314,KW Richardson,25,12,7,75,24,15,110.29,68,0,2
315,GM Ritchie,44,42,7,959,84,27.4,64.84,1479,6,2
316,SJ Rixon,6,6,3,40,20,13.33,40.81,98,0,1
317,GR Robertson,13,7,4,45,15,15,81.81,55,0,0
318,RD Robinson,2,2,0,82,70,41,57.34,143,1,0
319,L Ronchi,4,2,0,76,64,38,205.4,37,1,0
320,CS Serjeant,3,3,0,73,46,24.33,46.2,158,0,0
321,AP Sheahan,3,3,0,75,50,25,60.48,124,1,0
322,DJM Short,8,8,1,211,69,30.14,78.43,269,1,1
323,MW Short,2,2,0,11,9,5.5,91.66,12,0,0
324,PM Siddle,20,6,3,31,10,10.33,103.33,30,0,1
325,JD Siddons,1,1,0,32,32,32,86.48,37,0,0
326,RB Simpson,2,2,0,36,23,18,67.92,53,0,0
327,MJ Slater,42,42,1,987,73,24.07,60.4,1634,9,3
328,SB Smith,28,24,2,861,117,39.13,65.27,1319,8,1
329,SPD Smith,155,139,16,5356,164,43.54,87.25,6139,32,8
330,KR Stackpole,6,6,0,224,61,37.33,57.88,387,3,0
331,B Stanlake,7,5,2,4,2,1.33,14.28,28,0,1
332,MA Starc,121,71,25,571,52,12.41,79.41,719,1,11
333,MP Stoinis,70,63,8,1487,146,27.03,94.95,1566,6,5
334,AM Stuart,3,1,0,1,1,1,14.28,7,0,0
335,MJ Swepson,3,1,0,2,2,2,100,2,0,0
336,A Symonds,198,161,33,5088,156,39.75,92.44,5504,30,15
337,SW Tait,35,7,5,25,11,12.5,86.2,29,0,1
338,MA Taylor,113,110,1,3514,105,32.23,59.47,5909,28,4
339,PL Taylor,83,47,25,437,54,19.86,74.95,583,1,4
340,JR Thomson,50,30,6,181,21,7.54,64.64,280,0,5
341,PM Toohey,5,4,2,105,54,52.5,78.94,133,1,0
342,CP Tremain,4,3,2,23,23,23,62.16,37,0,1
343,GS Trimble,2,2,1,4,4,4,80,5,0,0
344,A Turner,6,6,0,247,101,41.16,79.93,309,0,0
345,AJ Turner,9,7,1,192,84,32,120,160,1,0
346,AJ Tye,7,7,3,57,19,14.25,118.75,48,0,0
347,MRJ Veletta,20,19,4,484,68,32.26,75.38,642,2,2
348,AC Voges,31,28,9,870,112,45.78,87.17,998,4,0
349,MS Wade,97,83,12,1867,100,26.29,81.59,2288,11,5
350,MHN Walker,17,11,3,79,20,9.87,46.47,170,0,1
351,KD Walters,28,24,6,513,59,28.5,70.08,732,2,1
352,SK Warne,193,106,28,1016,55,13.02,72,1411,1,10
353,DA Warner,161,159,6,6932,179,45.3,97.26,7127,33,4
354,GD Watson,2,2,1,11,11,11,68.75,16,0,1
355,SR Watson,190,169,27,5757,185,40.54,90.44,6366,33,12
356,ME Waugh,244,236,20,8500,173,39.35,76.9,11053,50,16
357,SR Waugh,325,288,58,7569,120,32.9,75.91,9971,45,15
358,DM Wellham,17,17,2,379,97,25.26,54.22,699,1,0
359,KC Wessels,54,51,3,1740,107,36.25,59.08,2945,14,0
360,DF Whatmore,1,1,0,2,2,2,33.33,6,0,0
361,CL White,91,77,16,2072,105,33.96,80.12,2586,11,4
362,MR Whitney,38,13,7,40,9,6.66,44.44,90,0,1
363,JM Wiener,7,7,0,140,50,20,43.2,324,1,0
364,BA Williams,25,6,4,27,13,13.5,58.69,46,0,2
365,P Wilson,11,5,2,4,2,1.33,30.76,13,0,2
366,GM Wood,83,77,11,2219,114,33.62,59.57,3725,11,4
367,AJ Woodcock,1,1,0,53,53,53,79.1,67,1,0
368,RD Woolley,4,3,2,31,16,31,81.57,38,0,0
369,DJ Worrall,3,1,1,6,6,0,150,4,0,0
370,KJ Wright,5,2,0,29,23,14.5,55.76,52,0,0
371,GN Yallop,30,27,6,823,66,39.19,63.89,1288,7,1
372,B Yardley,7,4,0,58,28,14.5,59.18,98,0,1
373,BE Young,6,3,1,31,18,15.5,65.95,47,0,0
374,A Zampa,96,47,17,285,36,9.5,65.66,434,0,5
375,AK Zesers,2,2,2,10,8,0,71.42,14,0,0
376,TJ Zoehrer,22,15,3,130,50,10.83,71.03,183,1,2
377,CJ Adams,5,4,0,71,42,17.75,49.3,144,0,0
378,JP Agnew,3,1,1,2,2,0,66.66,3,0,0
379,Rehan Ahmed,6,4,0,35,15,8.75,76.08,46,0,0
380,Kabir Ali,14,9,3,93,39,15.5,86.11,108,0,2
381,MM Ali,138,112,15,2355,128,24.27,98.16,2399,6,6
382,MW Alleyne,10,8,1,151,53,21.57,59.21,255,1,0
383,PJW Allott,13,6,1,15,8,3,60,25,0,2
384,TR Ambrose,5,5,1,10,6,2.5,29.41,34,0,1
385,DL Amiss,18,18,0,859,137,47.72,72.48,1185,1,0
386,JM Anderson,194,79,43,273,28,7.58,48.66,561,0,10
387,JC Archer,21,11,6,32,8,6.4,66.66,48,0,2
388,GG Arnold,14,6,3,48,18,16,64,75,0,1
389,MA Atherton,54,54,3,1791,127,35.11,58.64,3054,12,4
390,CWJ Athey,31,30,3,848,142,31.4,56.72,1495,4,1
391,AAP Atkinson,9,6,2,63,35,15.75,126,50,0,1
392,ID Austin,9,6,1,34,11,6.8,69.38,49,0,0
393,RJ Bailey,4,4,2,137,43,68.5,69.89,196,0,0
394,DL Bairstow,21,20,6,206,23,14.71,52.82,390,0,1
395,JM Bairstow,107,98,8,3868,141,42.97,102.92,3758,17,9
396,JT Ball,18,6,2,38,28,9.5,77.55,49,0,2
397,GS Ballance,16,15,1,297,79,21.21,67.04,443,2,1
398,T Banton,6,5,0,134,58,26.8,92.41,145,1,0
399,GD Barlow,6,6,1,149,80,29.8,58.43,255,1,2
400,KJ Barnett,1,1,0,84,84,84,57.53,146,1,0
401,GJ Batty,10,8,2,30,17,5,41.09,73,0,1
402,IR Bell,161,157,14,5416,141,37.87,77.16,7019,35,6
403,MR Benson,1,1,0,24,24,24,41.37,58,0,0
404,MP Bicknell,7,6,2,96,31,24,92.3,104,0,0
405,SW Billings,28,23,2,702,118,33.42,91.05,771,5,1
406,ID Blackwell,34,29,2,403,82,14.92,86.66,465,1,6
407,RJ Blakey,3,2,0,25,25,12.5,50,50,0,1
408,RS Bopara,120,109,21,2695,101,30.62,77.84,3462,14,4
409,SG Borthwick,2,2,0,18,15,9,112.5,16,0,0
410,IT Botham,116,106,15,2113,79,23.21,79.1,2671,9,6
411,G Boycott,36,34,4,1082,105,36.06,53.56,2020,9,1
412,JM Brearley,25,24,3,510,78,24.28,45.53,1120,3,6
413,TT Bresnan,85,64,20,871,80,19.79,90.25,965,1,6
414,BC Broad,34,34,0,1361,106,40.02,55.61,2447,11,2
415,SCJ Broad,121,68,25,529,45,12.3,74.61,709,0,8
416,HC Brook,15,15,1,407,80,29.07,94.87,429,3,1
417,AD Brown,16,16,0,354,118,22.12,82.9,427,1,2
418,DR Brown,9,8,4,99,21,24.75,69.23,143,0,0
419,AR Butcher,1,1,0,14,14,14,53.84,26,0,0
420,RO Butcher,3,3,0,58,52,19.33,85.29,68,1,0
421,JC Buttler,181,154,27,5022,162,39.54,117.11,4288,26,14
422,AR Caddick,54,38,18,249,36,12.45,63.03,395,0,6
423,DJ Capel,23,19,2,327,50,19.23,68.26,479,1,0
424,MA Carberry,6,6,0,114,63,19,63.33,180,1,0
425,BA Carse,14,9,4,155,32,31,96.27,161,0,0
426,G Chapple,1,1,0,14,14,14,200,7,0,0
427,R Clarke,20,13,0,144,39,11.07,62.06,232,0,2
428,DB Close,3,3,0,49,43,16.33,98,50,0,0
429,PD Collingwood,197,181,37,5092,120,35.36,76.98,6615,26,7
430,AN Cook,92,92,4,3204,137,36.4,77.13,4154,19,7
431,G Cook,6,6,0,106,32,17.66,40.61,261,0,0
432,GA Cope,2,1,1,1,1,0,100,1,0,0
433,DG Cork,32,21,3,180,31,10,66.42,271,0,4
434,NG Cowans,23,8,3,13,4,2.6,44.82,29,0,3
435,CS Cowdrey,3,3,1,51,46,25.5,110.86,46,0,1
436,MC Cowdrey,1,1,0,1,1,1,20,5,0,0
437,JP Crawley,13,12,1,235,73,21.36,57.59,408,2,2
438,Z Crawley,8,8,1,199,58,28.42,97.07,205,2,3
439,RDB Croft,50,36,12,345,32,14.37,66.47,519,0,4
440,SM Curran,32,24,3,468,95,22.28,95.7,489,1,1
441,TK Curran,28,17,9,303,47,37.87,94.39,321,0,2
442,JWM Dalrymple,27,26,1,487,67,19.48,72.47,672,2,2
443,SM Davies,8,8,0,244,87,30.5,105.62,231,1,1
444,LA Dawson,6,5,0,63,20,12.6,85.13,74,0,0
445,PAJ DeFreitas,103,66,23,690,67,16.04,83.83,823,1,4
446,JL Denly,16,13,0,446,87,34.3,70.9,629,4,0
447,MH Denness,12,11,2,264,66,29.33,63.3,417,1,1
448,JW Dernbach,24,8,1,19,5,2.71,48.71,39,0,1
449,GR Dilley,36,18,8,114,31,11.4,85.71,133,0,2
450,BL D'Oliveira,4,4,1,30,17,10,69.76,43,0,0
451,PR Downton,28,20,5,242,44,16.13,67.59,358,0,2
452,BM Duckett,11,11,1,395,107,39.5,93.16,424,3,2
453,MA Ealham,64,45,4,716,45,17.46,65.56,1092,0,4
454,PH Edmonds,29,18,7,116,20,10.54,50,232,0,3
455,JH Edrich,7,6,0,223,90,37.16,68.61,325,2,0
456,RM Ellison,14,12,4,86,24,10.75,78.18,110,0,0
457,JE Emburey,61,45,10,501,34,14.31,75.45,664,0,3
458,NH Fairbrother,75,71,18,2092,113,39.47,72.06,2903,16,2
459,ST Finn,69,30,13,136,35,8,60.98,223,0,7
460,MV Fleming,11,10,1,139,33,15.44,101.45,137,0,1
461,KWR Fletcher,24,22,3,757,131,39.84,66.75,1134,5,0
462,A Flintoff,138,119,16,3293,123,31.97,89.14,3694,18,9
463,BT Foakes,1,1,1,61,61,0,80.26,76,1,0
464,JS Foster,11,6,3,41,13,13.66,57.74,71,0,0
465,NA Foster,48,25,12,150,24,11.53,61.47,244,0,3
466,G Fowler,26,26,2,744,81,31,56.32,1321,4,2
467,PJ Franks,1,1,0,4,4,4,23.52,17,0,0
468,ARC Fraser,42,20,9,141,38,12.81,67.78,208,0,1
469,BN French,13,8,3,34,9,6.8,47.88,71,0,2
470,MW Gatting,92,88,17,2095,115,29.5,70.58,2968,9,4
471,AF Giles,62,35,13,385,41,17.5,69.87,551,0,2
472,GA Gooch,125,122,6,4290,142,36.98,61.88,6933,23,4
473,D Gough,158,87,38,609,46,12.42,64.3,947,0,10
474,IJ Gould,18,14,2,155,42,12.91,63.78,243,0,2
475,DI Gower,114,111,8,3170,158,30.77,75.15,4218,12,6
476,AP Grayson,2,2,0,6,6,3,46.15,13,0,1
477,L Gregory,3,2,0,117,77,58.5,100.86,116,1,0
478,AW Greig,22,19,3,269,48,16.81,71.16,378,0,1
479,HF Gurney,10,6,4,15,6,7.5,45.45,33,0,0
480,SR Hain,2,2,0,106,89,53,106,100,1,0
481,AD Hales,70,67,3,2419,171,37.79,95.72,2527,14,5
482,JH Hampshire,3,3,1,48,25,24,55.81,86,0,0
483,SJ Harmison,58,25,14,91,18,8.27,64.53,141,0,3
484,TW Hartley,2,1,1,12,12,0,133.33,9,0,0
485,FC Hayes,6,6,1,128,52,25.6,54.46,235,1,0
486,DW Headley,13,6,4,22,10,11,44.89,49,0,1
487,EE Hemmings,33,12,6,30,8,5,49.18,61,0,1
488,M Hendrick,22,10,5,6,2,1.2,27.27,22,0,3
489,GA Hick,120,118,15,3846,126,37.33,74.08,5192,27,10
490,MJ Hoggard,26,6,2,17,7,4.25,56.66,30,0,1
491,AJ Hollioake,35,30,6,606,83,25.25,75.09,807,3,1
492,BC Hollioake,20,17,2,309,63,20.6,81.1,381,2,3
493,GW Humpage,3,2,0,11,6,5.5,45.83,24,0,0
494,N Hussain,88,87,10,2332,115,30.28,66.99,3481,16,6
495,AP Igglesden,4,3,1,20,18,10,64.51,31,0,1
496,R Illingworth,3,2,0,5,4,2.5,27.77,18,0,0
497,RK Illingworth,25,11,5,68,14,11.33,57.14,119,0,0
498,RC Irani,31,30,5,360,53,14.4,65.57,549,1,7
499,RD Jackman,15,9,1,54,14,6.75,58.06,93,0,1
500,WG Jacks,7,7,0,276,94,39.42,106.15,260,2,0
501,JA Jameson,3,3,0,60,28,20,37.97,158,0,0
502,PW Jarvis,16,8,2,31,16,5.16,79.48,39,0,2
503,TE Jesty,10,10,4,127,52,21.16,69.78,182,1,2
504,RL Johnson,10,4,1,16,10,5.33,80,20,0,1
505,GO Jones,49,41,8,815,80,24.69,78.21,1042,4,1
506,SP Jones,8,1,0,1,1,1,50,2,0,0
507,CJ Jordan,35,24,9,184,38,12.26,87.2,211,0,3
508,EC Joyce,17,17,0,471,107,27.7,66.43,709,3,1
509,RWT Key,5,5,0,54,19,10.8,40,135,0,1
510,C Kieswetter,46,40,5,1054,107,30.11,89.93,1172,5,4
511,RJ Kirtley,11,2,0,2,1,1,18.18,11,0,0
512,NV Knight,100,100,10,3637,125,40.41,71.52,5085,25,6
513,APE Knott,20,14,4,200,50,20,80.97,247,1,2
514,AJ Lamb,122,118,16,4010,118,39.31,75.54,5308,26,8
515,W Larkins,25,24,0,591,124,24.62,56.44,1047,0,3
516,JK Lever,22,11,4,56,27,8,36.84,152,0,1
517,P Lever,10,3,2,17,8,17,70.83,24,0,0
518,CC Lewis,53,40,14,374,33,14.38,81.48,459,0,6
519,J Lewis,13,8,2,50,17,8.33,79.36,63,0,0
520,LS Livingstone,25,22,3,558,95,29.36,102.95,542,3,2
521,D Lloyd,8,8,1,285,116,40.71,54.18,526,0,0
522,GD Lloyd,6,5,1,39,22,9.75,48.75,80,0,2
523,TA Lloyd,3,3,0,101,49,33.66,44.29,228,0,0
524,JD Love,3,3,0,61,43,20.33,61,100,0,0
525,MB Loye,7,7,0,142,45,20.28,77.17,184,0,1
526,BW Luckhurst,3,3,0,15,14,5,21.73,69,0,1
527,MJ Lumb,3,3,0,165,106,55,81.28,203,0,0
528,MA Lynch,3,3,0,8,6,2.66,25,32,0,1
529,A McGrath,14,12,2,166,52,16.6,47.02,353,1,1
530,DL Maddy,8,6,0,113,53,18.83,54.85,206,1,1
531,S Mahmood,8,2,0,20,12,10,64.51,31,0,0
532,SI Mahmood,26,15,4,85,22,7.72,84.15,101,0,3
533,DJ Malan,30,30,4,1450,140,55.76,97.44,1488,7,5
534,DE Malcolm,10,5,2,9,4,3,81.81,11,0,1
535,VJ Marks,34,24,3,285,44,13.57,65.66,434,0,0
536,PJ Martin,20,13,7,38,6,6.33,71.69,53,0,0
537,AD Mascarenhas,20,13,2,245,52,22.27,95.33,257,1,2
538,MP Maynard,14,12,1,156,41,14.18,69.33,225,0,1
539,SC Meaker,2,2,0,2,1,1,12.5,16,0,0
540,G Miller,25,18,2,136,46,8.5,51.32,265,0,3
541,EJG Morgan,225,207,32,6957,148,39.75,93.89,7410,42,15
542,JE Morris,8,8,1,167,63,23.85,74.22,225,1,0
543,MD Moxon,8,8,0,174,70,21.75,53.53,325,1,1
544,AD Mullally,50,25,10,86,20,5.73,36.13,238,0,6
545,P Mustard,10,10,0,233,83,23.3,92.46,252,1,0
546,PA Nixon,19,18,4,297,49,21.21,85.59,347,0,2
547,CM Old,32,25,7,338,51,18.77,84.28,401,1,4
548,G Onions,4,1,0,1,1,1,50,2,0,0
549,C Overton,7,5,2,68,32,22.66,89.47,76,0,1
550,MS Panesar,26,8,3,26,13,5.2,28.57,91,0,0
551,MW Parkinson,5,1,1,7,7,0,87.5,8,0,0
552,SR Patel,36,22,7,482,70,32.13,93.23,517,1,1
553,KP Pietersen,134,123,16,4422,130,41.32,86.7,5100,25,7
554,LE Plunkett,89,50,19,646,56,20.83,102.7,629,1,3
555,PI Pocock,1,1,0,4,4,4,44.44,9,0,0
556,MJ Potts,4,3,3,21,15,0,105,20,0,0
557,DR Pringle,44,30,12,425,49,23.61,68.99,616,0,1
558,MJ Prior,68,62,9,1282,87,24.18,76.76,1670,3,5
559,CT Radley,4,4,1,250,117,83.33,68.11,367,1,0
560,MR Ramprakash,18,18,4,376,51,26.85,69.11,544,1,0
561,DW Randall,49,45,5,1067,88,26.67,62.69,1702,5,4
562,WB Rankin,7,2,1,5,4,5,100,5,0,0
563,AU Rashid,135,68,23,826,69,18.35,98.45,839,1,6
564,CMW Read,36,24,7,300,30,17.64,73.17,410,0,4
565,DA Reeve,29,21,9,291,35,24.25,74.8,389,0,0
566,SJ Rhodes,9,8,2,107,56,17.83,71.33,150,1,0
567,CJ Richards,22,16,3,154,50,11.84,58.33,264,1,3
568,RT Robinson,26,26,0,597,83,22.96,58.18,1026,3,2
569,TS Roland-Jones,1,1,1,37,37,0,100,37,0,0
570,GRJ Roope,8,8,0,173,44,21.62,50.58,342,0,1
571,JE Root,171,160,23,6522,133,47.6,86.77,7516,39,9
572,BC Rose,2,2,0,99,54,49.5,47.14,210,1,0
573,JJ Roy,116,110,3,4271,180,39.91,105.53,4047,21,11
574,RC Russell,40,31,7,423,50,17.62,66.3,638,1,0
575,IDK Salisbury,4,2,1,7,5,7,58.33,12,0,0
576,PD Salt,19,17,0,619,122,36.41,133.4,464,3,0
577,OA Shah,71,66,6,1834,107,30.56,78.67,2331,12,6
578,A Shahzad,11,8,2,39,9,6.5,65,60,0,0
579,K Shuttleworth,1,1,0,7,7,7,36.84,19,0,0
580,RJ Sidebottom,25,18,8,133,24,13.3,68.55,194,0,2
581,CEW Silverwood,7,4,0,17,12,4.25,50,34,0,1
582,JA Simpson,3,2,0,20,17,10,64.51,31,0,0
583,WN Slack,2,2,0,43,34,21.5,50.58,85,0,0
584,GC Small,53,24,9,98,18,6.53,52.12,188,0,6
585,CL Smith,4,4,0,109,70,27.25,45.41,240,1,0
586,DM Smith,2,2,1,15,10,15,37.5,40,0,0
587,JL Smith,2,1,0,9,9,9,90,10,0,0
588,MJ Smith,5,5,0,70,31,14,44.02,159,0,1
589,NMK Smith,7,6,1,100,31,20,75.75,132,0,0
590,RA Smith,71,70,8,2419,167,39.01,69.65,3473,15,4
591,JN Snape,10,7,3,118,38,29.5,68.2,173,0,0
592,JA Snow,9,4,2,9,5,4.5,21.95,41,0,0
593,VS Solanki,51,46,5,1097,106,26.75,72.93,1504,5,2
594,DS Steele,1,1,0,8,8,8,66.66,12,0,0
595,GB Stevenson,4,4,3,43,28,43,76.78,56,0,0
596,AJ Stewart,170,162,14,4677,116,31.6,68.36,6842,28,13
597,BA Stokes,114,99,15,3463,182,41.22,95.68,3619,24,7
598,OP Stone,8,4,2,14,9,7,82.35,17,0,0
599,AJ Strauss,127,126,8,4205,158,35.63,80.94,5195,27,9
600,GP Swann,79,48,12,500,34,13.88,90.41,553,0,3
601,CJ Tavare,29,28,2,720,83,27.69,48.94,1471,4,1
602,JP Taylor,1,1,0,1,1,1,12.5,8,0,0
603,LB Taylor,2,1,1,1,1,0,16.66,6,0,0
604,RW Taylor,27,17,7,130,26,13,41.66,312,0,2
605,JWA Taylor,27,26,5,887,101,42.23,80.12,1107,7,2
606,JG Thomas,3,3,2,1,1,1,14.28,7,0,1
607,GP Thorpe,82,77,13,2380,89,37.18,71.17,3344,21,3
608,FJ Titmus,2,1,0,11,11,11,34.37,32,0,0
609,RJW Topley,29,14,11,35,15,11.66,50,70,0,1
610,JC Tredwell,45,25,11,163,30,11.64,67.35,242,0,3
611,CT Tremlett,15,11,4,50,19,7.14,56.17,89,0,1
612,ME Trescothick,123,122,6,4335,137,37.37,85.21,5087,21,13
613,IJL Trott,68,65,10,2819,137,51.25,77.06,3658,22,5
614,JO Troughton,6,5,1,36,20,9,47.36,76,0,1
615,AJ Tudor,3,2,1,9,6,9,81.81,11,0,0
616,PCR Tufnell,20,10,9,15,5,15,48.38,31,0,0
617,SD Udal,11,7,4,35,11,11.66,76.08,46,0,1
618,DL Underwood,26,13,4,53,17,5.88,39.84,133,0,2
619,MP Vaughan,86,83,10,1982,90,27.15,68.39,2898,16,9
620,JM Vince,25,22,0,616,102,28,87.62,703,3,1
621,SL Watkin,4,2,0,4,4,2,17.39,23,0,1
622,AP Wells,1,1,0,15,15,15,150,10,0,0
623,CM Wells,2,2,0,22,17,11,50,44,0,0
624,VJ Wells,9,7,0,141,39,20.14,55.73,253,0,0
625,AG Wharf,13,5,3,19,9,9.5,67.85,28,0,1
626,JJ Whitaker,2,2,1,48,44,48,73.84,65,0,0
627,C White,51,41,5,568,57,15.77,61.2,928,1,9
628,DJ Willey,73,46,19,663,51,24.55,95.67,693,2,1
629,P Willey,26,24,1,538,64,23.39,62.92,855,5,3
630,RGD Willis,64,22,14,83,24,10.37,52.86,157,0,4
631,CR Woakes,122,88,24,1524,95,23.81,89.12,1710,6,8
632,B Wood,13,12,2,314,78,31.4,48.53,647,2,1
633,L Wood,2,1,0,10,10,10,100,10,0,0
634,MA Wood,66,26,15,157,43,14.27,100.64,156,0,4
635,RA Woolmer,6,4,0,21,9,5.25,45.65,46,0,1
636,LJ Wright,50,39,4,707,52,20.2,86.21,820,2,5
637,MH Yardy,28,24,8,326,60,20.37,69.06,472,2,1
638,AR Adams,42,34,10,419,45,17.45,100.47,417,0,1
639,FH Allen,22,21,0,582,96,27.71,93.26,624,5,3
640,GI Allott,31,11,6,17,7,3.4,30.35,56,0,2
641,CJ Anderson,49,45,5,1109,131,27.72,108.72,1020,4,4
642,RW Anderson,2,2,1,16,12,16,34.78,46,0,0
643,A Ashok,2,1,0,10,10,10,83.33,12,0,0
644,NJ Astle,223,217,14,7090,145,34.92,72.64,9760,41,19
645,TD Astle,9,5,2,79,49,26.33,102.59,77,0,0
646,MD Bates,2,1,0,13,13,13,130,10,0,0
647,MD Bell,7,7,0,133,66,19,49.62,268,1,0
648,HK Bennett,19,7,5,10,4,5,28.57,35,0,1
649,TE Blain,38,38,11,442,49,16.37,66.76,662,0,6
650,BR Blair,14,14,2,174,29,14.5,68.77,253,0,2
651,TA Blundell,12,12,3,266,68,29.55,86.64,307,2,0
652,SE Bond,82,40,22,292,31,16.22,76.04,384,0,2
653,SL Boock,14,7,4,30,12,10,96.77,31,0,1
654,TA Boult,114,52,28,216,21,9,77.41,279,0,2
655,CJ Bowes,6,6,0,99,51,16.5,83.19,119,1,0
656,DAJ Bracewell,21,14,2,221,57,18.41,80.65,274,1,1
657,JG Bracewell,53,43,12,512,43,16.51,71.4,717,0,6
658,MG Bracewell,19,16,4,510,140,42.5,118.6,430,0,0
659,GE Bradburn,11,10,3,60,30,8.57,46.15,130,0,1
660,NT Broom,39,39,4,943,109,26.94,81.22,1161,5,7
661,VR Brown,3,3,0,44,32,14.66,51.76,85,0,0
662,DG Brownlie,16,15,1,361,63,25.78,74.27,486,1,0
663,CE Bulfin,4,2,1,9,7,9,112.5,8,0,0
664,MG Burgess,26,20,0,336,47,16.8,65.24,515,0,1
665,IG Butler,26,13,5,84,25,10.5,54.54,154,0,2
666,BL Cairns,78,65,6,987,60,16.72,104.88,941,2,6
667,CL Cairns,214,192,25,4881,115,29.22,83.76,5827,25,9
668,TK Canning,4,4,1,52,23,17.33,71.23,73,0,1
669,MS Chapman,21,18,2,335,101,20.93,113.94,294,0,1
670,EJ Chatfield,114,48,37,118,19,10.72,34.1,346,0,6
671,JA Clarkson,3,2,0,17,16,8.5,70.83,24,0,0
672,D Cleaver,1,1,0,32,32,32,86.48,37,0,0
673,RO Collinge,15,9,3,34,9,5.66,54.83,62,0,1
674,PG Coman,3,3,0,62,38,20.66,59.61,104,0,1
675,JV Coney,88,80,19,1874,66,30.72,64.95,2885,8,1
676,BE Congdon,11,9,3,338,101,56.33,71.61,472,2,0
677,DP Conway,32,31,3,1246,152,44.5,89.76,1388,3,2
678,JJ Crowe,75,71,12,1518,88,25.72,61.8,2456,7,6
679,MD Crowe,143,140,18,4704,107,38.55,72.63,6477,34,3
680,CD Cumming,13,13,1,161,45,13.41,53.48,301,0,3
681,HT Davis,11,6,4,13,7,6.5,39.39,33,0,1
682,C de Grandhomme,45,35,7,742,74,26.5,106.15,699,4,2
683,RP de Groen,12,8,3,12,7,2.4,33.33,36,0,4
684,AP Devcich,12,11,0,195,58,17.72,77.07,253,1,2
685,BJ Diamanti,1,1,1,26,26,0,118.18,22,0,0
686,MW Douglas,6,6,0,55,30,9.16,44.71,123,0,1
687,SB Doull,42,27,13,172,22,12.28,91.48,188,0,2
688,CJ Drum,5,2,2,9,7,0,40.9,22,0,0
689,JA Duffy,6,2,1,1,1,1,16.66,6,0,1
690,BA Edgar,64,64,5,1814,102,30.74,49.22,3685,10,3
691,GN Edwards,6,6,0,138,41,23,72.25,191,0,1
692,GD Elliott,83,69,11,1976,115,34.06,81.78,2416,11,6
693,AM Ellis,15,12,1,154,33,14,83.69,184,0,1
694,LH Ferguson,65,30,13,122,19,7.17,51.69,236,0,4
695,SP Fleming,279,268,21,8007,134,32.41,71.4,11214,49,17
696,DR Flynn,20,17,2,228,35,15.2,63.33,360,0,3
697,JEC Franklin,110,80,27,1270,98,23.96,76.92,1651,4,5
698,TJ Franklin,3,3,0,27,21,9,30.33,89,0,1
699,PG Fulton,49,46,5,1334,112,32.53,72.77,1833,8,2
700,LK Germon,37,31,5,519,89,19.96,65.94,787,3,2
701,MR Gillespie,32,14,8,93,28,15.5,78.81,118,0,1
702,SR Gillespie,19,11,5,70,18,11.66,66.03,106,0,1
703,EJ Gray,10,7,1,98,38,16.33,42.6,230,0,0
704,MJ Greatbatch,84,83,5,2206,111,28.28,71.18,3099,13,7
705,MJ Guptill,198,195,19,7346,237,41.73,87.29,8416,39,16
706,BG Hadlee,2,2,1,26,19,26,27.95,93,0,0
707,DR Hadlee,11,7,2,40,20,8,47.05,85,0,3
708,Sir RJ Hadlee,115,98,17,1751,79,21.61,75.5,2319,4,4
709,LJ Hamilton,2,2,2,3,2,0,50,6,0,0
710,CZ Harris,250,213,62,4379,130,29,66.51,6584,16,12
711,MN Hart,13,8,0,61,16,7.62,60.39,101,0,1
712,RT Hart,1,1,0,3,3,3,10.34,29,0,0
713,BR Hartland,16,16,1,311,68,20.73,49.91,623,2,1
714,MJ Haslam,1,1,0,9,9,9,50,18,0,0
715,BF Hastings,11,9,1,151,37,18.87,55.71,271,0,1
716,RL Hayes,1,1,0,13,13,13,52,25,0,0
717,MJ Henry,82,35,12,255,48,11.08,92.05,277,0,7
718,PA Hitchcock,14,7,3,41,11,10.25,67.21,61,0,1
719,GJ Hopkins,25,17,1,236,45,14.75,75.88,311,0,3
720,MJ Horne,50,48,0,980,74,20.41,64.68,1515,5,3
721,PA Horne,4,4,0,50,18,12.5,40.98,122,0,1
722,JM How,41,37,1,1046,139,29.05,66.53,1572,7,3
723,GP Howarth,70,65,5,1384,76,23.06,60.14,2301,6,1
724,HJ Howarth,9,5,2,18,11,6,69.23,26,0,1
725,LG Howell,12,12,0,287,68,23.91,73.96,388,4,1
726,PJ Ingram,8,7,0,193,69,27.57,81.09,238,1,0
727,KA Jamieson,13,6,2,83,25,20.75,81.37,102,0,0
728,AH Jones,87,87,9,2784,93,35.69,57.86,4812,25,4
729,RA Jones,5,5,0,168,63,33.6,51.06,329,1,0
730,RJ Kennedy,7,4,3,17,8,17,113.33,15,0,0
731,CM Kuggeleijn,16,11,2,142,40,15.77,63.67,223,0,1
732,SC Kuggeleijn,2,1,1,11,11,0,183.33,6,0,0
733,GR Larsen,121,70,27,629,37,14.62,64.84,970,0,6
734,RT Latham,33,33,4,583,60,20.1,57.83,1008,1,3
735,TWM Latham,147,134,17,4099,145,35.03,85.71,4782,24,11
736,WK Lees,31,24,5,215,26,11.31,70.03,307,0,1
737,BG Lister,3,3,2,10,5,10,71.42,14,0,0
738,MJ McClenaghan,48,14,10,108,34,27,78.26,138,0,0
739,BB McCullum,260,228,28,6083,166,30.41,96.37,6312,32,20
740,NL McCullum,84,62,11,1070,65,20.98,87.7,1220,4,3
741,PE McEwan,17,15,0,204,41,13.6,58.95,346,0,0
742,PD McGlashan,4,2,1,63,56,63,123.52,51,1,0
743,AJ McKay,19,10,7,12,4,4,25.53,47,0,3
744,BJ McKechnie,14,8,4,54,27,13.5,37.24,145,0,1
745,CD McMillan,197,183,16,4707,117,28.18,75.94,6198,28,9
746,EB McSweeney,16,14,5,73,18,8.11,61.34,119,0,2
747,HJH Marshall,66,62,9,1454,101,27.43,73.06,1990,12,3
748,JAH Marshall,10,10,0,250,161,25,79.87,313,1,2
749,CS Martin,20,7,2,8,3,1.6,29.62,27,0,2
750,MJ Mason,26,7,4,24,13,8,53.33,45,0,1
751,CE McConchie,6,5,2,126,64,42,99.21,127,1,0
752,KD Mills,170,101,34,1047,54,15.62,81.66,1282,2,8
753,AF Milne,49,22,8,180,36,12.85,87.8,205,0,3
754,DJ Mitchell,39,35,5,1577,134,52.56,98.07,1608,5,0
755,DK Morrison,96,43,24,171,20,9,42.75,400,0,7
756,JFM Morrison,18,15,3,252,55,21,53.38,472,1,0
757,C Munro,57,53,2,1271,87,24.92,104.69,1214,8,7
758,DJ Murray,1,1,0,3,3,3,17.64,17,0,0
759,DJ Nash,81,53,13,624,42,15.6,66.38,940,0,3
760,JDS Neesham,76,65,12,1495,97,28.2,99.93,1496,7,3
761,TS Nethula,5,3,1,12,9,6,109.09,11,0,1
762,CJ Nevin,37,36,0,732,74,20.33,73.2,1000,4,4
763,HM Nicholls,75,73,15,2056,124,35.44,81.07,2536,15,6
764,RJ Nicol,22,21,2,586,146,30.84,75.51,776,2,2
765,W O'Rourke,3,1,0,1,1,1,20,5,0,0
766,IE O'Brien,10,2,2,3,3,0,27.27,11,0,0
767,SB O'Connor,38,13,6,24,8,3.42,26.37,91,0,3
768,JDP Oram,160,116,15,2434,101,24.09,86.61,2810,13,8
769,DR O'Sullivan,3,2,1,2,1,2,40,5,0,0
770,MHW Papps,6,6,2,207,92,51.75,60.52,342,2,0
771,JM Parker,24,20,0,248,66,12.4,61.53,403,1,1
772,AC Parore,179,161,32,3314,108,25.68,68.09,4867,14,19
773,DN Patel,75,63,10,623,71,11.75,71.77,868,1,6
774,JS Patel,43,15,8,95,34,13.57,58.64,162,0,1
775,AJ Penn,5,3,1,23,15,11.5,69.69,33,0,0
776,RG Petrie,12,8,3,65,21,13,59.63,109,0,1
777,GD Phillips,30,24,3,735,72,35,97.48,754,4,0
778,V Pollard,3,2,0,67,55,33.5,46.2,145,1,0
779,MW Priest,18,14,4,103,24,10.3,45.77,225,0,2
780,C Pringle,64,41,19,193,34,8.77,75.39,256,0,3
781,R Ravindra,25,21,1,820,123,41,108.03,759,3,2
782,AJ Redmond,6,6,0,152,52,25.33,58.68,259,1,0
783,RE Redmond,2,1,0,3,3,3,27.27,11,0,0
784,JF Reid,25,24,1,633,88,27.52,58.39,1084,4,0
785,RB Reid,9,9,0,248,64,27.55,55.35,448,2,0
786,MH Richardson,4,4,0,42,26,10.5,43.29,97,0,1
787,ADG Roberts,1,1,0,16,16,16,66.66,24,0,0
788,SJ Roberts,2,1,1,1,1,0,50,2,0,0
789,GK Robertson,10,6,0,49,17,8.16,102.08,48,0,1
790,L Ronchi,81,66,9,1321,170,23.17,111.66,1183,3,7
791,HD Rutherford,4,4,0,15,11,3.75,26.78,56,0,0
792,KR Rutherford,121,115,9,3143,108,29.65,64.3,4888,18,6
793,JD Ryder,48,42,1,1362,107,33.21,95.31,1429,6,5
794,MJ Santner,104,78,29,1355,67,27.65,91.24,1485,3,3
795,TL Seifert,3,2,0,33,22,16.5,122.22,27,0,0
796,HB Shipley,8,6,1,18,7,3.6,46.15,39,0,2
797,MS Sinclair,54,50,4,1304,118,28.34,62.51,2086,8,8
798,IDS Smith,98,77,16,1055,62,17.29,99.43,1061,3,7
799,MC Snedden,93,54,19,535,64,15.28,63.46,843,1,4
800,IS Sodhi,51,24,4,201,35,10.05,72.82,276,0,5
801,TG Southee,161,96,35,740,55,12.13,95.97,771,1,13
802,CM Spearman,51,50,0,936,86,18.72,77.87,1202,5,6
803,SL Stewart,4,4,0,26,14,6.5,44.06,59,0,0
804,DA Stirling,6,5,2,21,13,7,53.84,39,0,0
805,SB Styris,188,161,23,4483,141,32.48,79.41,5645,28,9
806,ML Su'a,12,7,2,24,12,4.8,42.85,56,0,0
807,GP Sulzberger,3,2,1,9,6,9,60,15,0,0
808,AR Tait,5,5,2,35,13,11.66,109.37,32,0,0
809,BR Taylor,2,1,0,22,22,22,52.38,42,0,0
810,LRPL Taylor,236,220,39,8607,181,47.55,83.32,10330,51,9
811,SA Thomson,56,52,10,964,83,22.95,67.55,1427,5,2
812,BM Tickner,13,7,5,16,6,8,57.14,28,0,0
813,GB Troup,22,12,8,101,39,25.25,72.14,140,0,0
814,DR Tuffey,94,52,21,295,36,9.51,79.3,372,0,7
815,GM Turner,41,40,6,1598,171,47,68.05,2348,9,1
816,RG Twose,87,81,11,2717,103,38.81,75.4,3603,20,5
817,RH Vance,8,8,0,248,96,31,51.55,481,1,0
818,JTC Vaughan,18,16,7,162,33,18,62.06,261,0,0
819,DL Vettori,291,183,55,2201,83,17.19,82.83,2657,4,22
820,L Vincent,102,99,10,2413,172,27.11,69.88,3453,11,8
821,GE Vivian,1,1,0,14,14,14,46.66,30,0,0
822,KJ Wadsworth,13,10,1,258,104,28.66,77.24,334,0,1
823,BGK Walker,11,7,4,47,16,15.66,59.49,79,0,0
824,MDJ Walker,3,1,0,10,10,10,166.66,6,0,0
825,BJ Watling,28,25,2,573,96,24.91,68.37,838,5,3
826,W Watson,61,24,13,86,21,7.81,47.77,180,0,3
827,PN Webb,5,5,1,38,10,9.5,37.62,101,0,0
828,RJ Webb,3,1,1,6,6,0,60,10,0,0
829,BM Wheeler,6,4,4,58,39,0,123.4,47,0,0
830,DJ White,3,3,0,37,15,12.33,38.14,97,0,0
831,KS Williamson,165,157,17,6810,148,48.64,81.38,8368,45,5
832,JW Wilson,6,6,1,103,44,20.6,91.96,112,0,1
833,PJ Wiseman,15,7,5,45,16,22.5,54.21,83,0,0
834,WA Wisneski,3,2,1,10,6,10,58.82,17,0,0
835,LJ Woodcock,4,2,1,14,11,14,63.63,22,0,0
836,GH Worker,10,10,2,272,58,34,71.76,379,3,0
837,JG Wright,149,148,1,3891,101,26.46,57.18,6805,24,9
838,BA Young,74,73,5,1668,74,24.52,61.03,2733,9,5
839,WA Young,31,31,3,1244,120,44.42,87.91,1415,8,3
840,KN Amalean,8,3,1,15,9,7.5,57.69,26,0,0
841,MKDI Amerasinghe,8,4,4,6,5,0,66.66,9,0,0
842,SD Anurasiri,45,18,12,62,11,10.33,43.35,143,0,2
843,MA Aponso,9,7,4,10,4,3.33,22.22,45,0,1
844,SSD Arachchige,5,3,0,89,57,29.66,66.41,134,1,0
845,RP Arnold,180,155,43,3950,103,35.26,72.57,5443,28,7
846,KIC Asalanka,53,46,5,1661,110,40.51,89.06,1865,10,3
847,MS Atapattu,268,259,32,8529,132,37.57,67.72,12595,59,13
848,HMCM Bandara,31,17,4,160,31,12.3,71.42,224,0,3
849,KMC Bandara,1,1,1,1,1,0,33.33,3,0,0
850,KNA Bandara,6,5,1,141,55,35.25,64.97,217,2,0
851,M Bhanuka,6,6,0,140,36,23.33,72.16,194,0,0
852,JWHD Boteju,2,2,1,3,2,3,27.27,11,0,0
853,PVD Chameera,51,35,12,266,29,11.56,60.59,439,0,3
854,UDU Chandana,147,111,17,1627,89,17.3,72.99,2229,5,8
855,LD Chandimal,157,142,21,3854,111,31.85,74.24,5191,24,11
856,A Dananjaya,39,30,6,291,50,12.12,69.78,417,1,3
857,S Daniel,1,1,0,12,12,12,42.85,28,0,0
858,PB Dassanayake,16,10,2,85,20,10.62,59.85,142,0,0
859,RG de Alwis,31,27,8,401,59,21.1,78.32,512,2,2
860,ALF de Mel,57,41,9,466,36,14.56,78.31,595,0,6
861,SI de Saram,15,13,2,183,38,16.63,67.77,270,0,0
862,DM de Silva,90,82,10,1865,93,25.9,78.59,2373,10,4
863,AM de Silva,4,2,0,12,8,6,50,24,0,0
864,DLS de Silva,2,1,0,10,10,10,28.57,35,0,0
865,DS de Silva,41,29,10,371,37,19.52,53.69,691,0,0
866,EAR de Silva,28,20,6,138,19,9.85,57.26,241,0,2
867,GN de Silva,4,2,1,9,7,9,50,18,0,0
868,GRA de Silva,6,4,2,9,6,4.5,27.27,33,0,1
869,KSC de Silva,38,19,13,39,13,6.5,42.39,92,0,4
870,PA de Silva,308,296,30,9284,145,34.9,81.13,11443,64,17
871,PC de Silva,7,7,1,94,44,15.66,83.92,112,0,0
872,SKL de Silva,11,6,3,161,57,53.66,83.41,193,2,0
873,HDPK Dharmasena,141,87,33,1222,69,22.62,65.03,1879,4,2
874,RL Dias,58,55,5,1573,121,31.46,67.94,2315,11,3
875,N Dickwella,55,52,1,1604,116,31.45,93.41,1717,9,1
876,LHD Dilhara,9,9,0,83,29,9.22,77.57,107,0,1
877,TM Dilshan,330,303,41,10290,161,39.27,86.23,11933,47,11
878,CI Dunusinghe,1,1,0,1,1,1,100,1,0,0
879,RMS Eranga,19,11,8,34,12,11.33,53.12,64,0,1
880,AM Fernando,5,2,1,1,1,1,16.66,6,0,1
881,N Pradeep,49,25,17,35,7,4.37,42.16,83,0,4
882,B Fernando,4,3,0,26,17,8.66,72.22,36,0,0
883,BOP Fernando,8,8,0,148,49,18.5,64.34,230,0,1
884,CRD Fernando,146,61,35,239,20,9.19,60.96,392,0,9
885,ER Fernando,3,3,0,47,22,15.66,71.21,66,0,0
886,ERNS Fernando,7,5,0,101,36,20.2,46.75,216,0,2
887,KHRK Fernando,7,5,3,43,23,21.5,59.72,72,0,0
888,MNK Fernando,4,4,0,75,50,18.75,71.42,105,1,0
889,MVT Fernando,8,8,6,30,7,15,49.18,61,0,1
890,TCB Fernando,17,10,6,29,14,7.25,49.15,59,0,1
891,TL Fernando,1,1,0,8,8,8,133.33,6,0,0
892,UNK Fernando,2,2,2,22,20,0,88,25,0,0
893,WIA Fernando,32,32,0,994,127,31.06,91.1,1091,5,4
894,IS Gallage,3,2,1,17,14,17,62.96,27,0,0
895,D Gamage,3,2,1,3,2,3,30,10,0,0
896,JC Gamage,4,2,2,8,7,0,88.88,9,0,0
897,PLS Gamage,9,5,3,4,3,2,14.81,27,0,0
898,WCA Ganegama,4,2,0,7,7,3.5,77.77,9,0,1
899,Y Goonasekera,3,3,0,69,35,23,66.34,104,0,0
900,HM Goonatilleke,6,4,3,31,14,31,53.44,58,0,0
901,DAS Gunaratne,31,25,4,575,114,27.38,79.41,724,1,0
902,PW Gunaratne,23,8,3,36,15,7.2,57.14,63,0,2
903,MD Gunathilaka,47,46,1,1601,133,35.57,86.82,1844,11,1
904,AAW Gunawardena,1,1,0,2,2,2,20,10,0,0
905,DA Gunawardene,61,61,1,1708,132,28.46,71.49,2389,12,5
906,AP Gurusinha,147,143,5,3902,117,28.27,60.88,6409,22,12
907,UC Hathurusingha,35,33,1,669,66,20.9,50.75,1318,4,3
908,MADI Hemantha,5,4,2,39,22,19.5,100,39,0,1
909,HMRKB Herath,71,30,15,140,17,9.33,64.51,217,0,3
910,PD Heyn,2,2,0,3,2,1.5,15,20,0,0
911,WS Jayantha,17,17,2,400,74,26.66,75.47,530,2,2
912,RSA Jayasekera,2,1,0,17,17,17,40.47,42,0,0
913,SA Jayasinghe,2,1,0,1,1,1,33.33,3,0,0
914,GSNFG Jayasuriya,12,10,1,195,96,21.66,71.42,273,1,2
915,NGRP Jayasuriya,2,2,1,11,11,11,84.61,13,0,1
916,ST Jayasuriya,441,429,18,13364,189,32.51,91.25,14645,68,34
917,DPMD Jayawardene,443,413,38,12381,144,33.01,78.67,15738,75,28
918,HAPW Jayawardene,6,5,0,27,20,5.4,61.36,44,0,1
919,P Jayawickrama,5,3,2,7,4,7,58.33,12,0,0
920,S Jeganathan,5,4,1,25,20,8.33,64.1,39,0,0
921,VB John,45,19,10,84,15,9.33,55.26,152,0,3
922,RS Kalpage,86,69,28,844,51,20.58,63.93,1320,1,2
923,S Randiv,31,18,2,280,56,17.5,73.29,382,1,2
924,LWS Kaluperuma,4,3,3,33,14,0,55,60,0,0
925,SMS Kaluperuma,2,2,0,11,7,5.5,26.82,41,0,0
926,RS Kaluwitharana,189,181,14,3711,102,22.22,77.7,4776,23,24
927,SHT Kandamby,39,36,6,870,93,29,69.6,1250,5,2
928,CK Kapugedera,102,84,7,1624,95,21.09,72.04,2254,8,7
929,SHU Karnain,19,17,5,229,41,19.08,59.32,386,0,2
930,C Karunaratne,26,24,6,451,75,25.05,78.43,575,1,0
931,FDM Karunaratne,50,46,4,1316,103,31.33,79.56,1654,11,4
932,CKB Kulasekara,4,3,0,38,19,12.66,52.77,72,0,1
933,KMDN Kulasekara,184,123,37,1327,73,15.43,81.46,1629,4,13
934,CBRLS Kumara,28,16,6,55,10,5.5,45.08,122,0,1
935,DSBP Kuruppu,54,52,1,1022,72,20.03,51.66,1978,4,3
936,GF Labrooy,44,36,7,249,33,8.58,71.14,350,0,6
937,RAS Lakmal,86,48,22,244,26,9.38,60.39,404,0,9
938,D Lakshan,3,2,0,4,2,2,30.76,13,0,0
939,MKGCP Lakshitha,7,2,1,7,4,7,58.33,12,0,0
940,J Liyanage,3,2,0,119,95,59.5,73.91,161,1,0
941,DK Liyanage,16,11,2,144,43,16,69.56,207,0,0
942,KS Lokuarachchi,21,18,3,210,69,14,80.15,262,1,2
943,RS Madugalle,63,56,5,950,73,18.62,60.35,1574,3,4
944,MAWR Madurasinghe,12,6,4,21,8,10.5,33.87,62,0,0
945,D Madushanka,18,10,8,36,19,18,47.36,76,0,0
946,DSK Madushanka,1,1,0,7,7,7,116.66,6,0,0
947,LD Madushanka,4,4,1,14,7,4.66,53.84,26,0,1
948,RS Mahanama,213,198,23,5162,119,29.49,60.57,8522,35,15
949,MF Maharoof,109,75,18,1113,69,19.52,86.01,1294,2,3
950,SL Malinga,226,119,36,567,56,6.83,74.5,761,1,26
951,AD Mathews,226,195,48,5916,139,40.24,82.9,7136,40,17
952,BAW Mendis,87,42,19,188,21,8.17,71.48,263,0,10
953,BKG Mendis,124,121,10,3638,122,32.77,86.78,4192,27,14
954,BMAJ Mendis,58,44,10,636,72,18.7,82.7,769,1,2
955,LRD Mendis,79,74,9,1527,80,23.49,75.07,2034,7,4
956,MC Mendis,1,1,1,3,3,0,150,2,0,0
957,PHKD Mendis,7,7,1,127,57,21.16,59.34,214,1,0
958,RTM Mendis,4,4,2,50,26,25,100,50,0,0
959,J Mubarak,40,37,6,704,72,22.7,63.13,1115,4,1
960,AMN Munasinghe,5,4,1,13,8,4.33,25,52,0,1
961,EMDY Munaweera,2,2,0,15,11,7.5,51.72,29,0,0
962,M Muralidaran,343,161,63,674,33,6.87,77.73,867,0,24
963,MN Nawaz,3,3,1,31,15,15.5,43.66,71,0,0
964,P Nissanka,49,49,4,1728,137,38.4,84.7,2040,13,4
965,RAP Nissanka,23,13,5,53,11,6.62,37.85,140,0,2
966,ARM Opatha,5,3,0,29,18,9.66,52.72,55,0,1
967,SP Pasqual,2,2,1,24,23,24,85.71,28,0,0
968,M Pathirana,12,7,2,11,5,2.2,31.42,35,0,2
969,SS Pathirana,18,14,1,332,56,25.53,86.68,383,1,0
970,AK Perera,6,4,0,52,31,13,62.65,83,0,0
971,ASA Perera,20,13,2,195,56,17.72,75.87,257,1,1
972,MDK Perera,13,12,0,152,30,12.66,76.38,199,0,0
973,MDKJ Perera,116,111,5,3237,135,30.53,92.88,3485,17,12
974,NLTC Perera,166,133,16,2338,140,19.98,112.08,2086,10,11
975,PARP Perera,2,2,0,33,33,16.5,56.89,58,0,1
976,PDRL Perera,19,7,2,8,4,1.6,44.44,18,0,4
977,HSM Pieris,3,3,1,19,16,9.5,32.2,59,0,0
978,Pramod Madushan,3,3,0,17,15,5.66,27.86,61,0,0
979,KTGD Prasad,24,12,6,129,31,21.5,88.35,146,0,1
980,S Prasanna,40,37,3,421,95,12.38,94.6,445,2,7
981,SMA Priyanjan,23,20,2,420,74,23.33,80.45,522,2,0
982,KR Pushpakumara,31,9,5,36,14,9,69.23,52,0,2
983,M Pushpakumara,3,1,1,7,7,0,36.84,19,0,0
984,PM Pushpakumara,2,2,0,11,8,5.5,42.3,26,0,0
985,PBB Rajapaksa,5,5,0,89,65,17.8,104.7,85,1,3
986,CAK Rajitha,34,19,7,117,33,9.75,63.58,184,0,4
987,CPH Ramanayake,62,35,14,210,26,10,56.14,374,0,7
988,AN Ranasinghe,9,8,1,153,51,21.85,104.08,147,1,2
989,SK Ranasinghe,4,3,0,55,41,18.33,67.9,81,0,1
990,A Ranatunga,269,255,47,7456,131,35.84,77.9,9571,49,18
991,D Ranatunga,4,4,0,49,25,12.25,31.41,156,0,1
992,S Ranatunga,13,11,0,253,70,23,48.09,526,2,0
993,RJ Ratnayake,70,55,18,612,33,16.54,86.8,705,0,4
994,JR Ratnayeke,78,69,14,824,50,14.98,52.45,1571,1,4
995,MAR Samarasekera,39,39,2,844,76,22.81,69.92,1207,4,2
996,DP Samaraweera,5,4,0,91,49,22.75,53.84,169,0,0
997,TT Samaraweera,53,42,11,862,105,27.8,69.29,1244,0,4
998,S Samarawickrama,35,32,4,1047,108,37.39,95.44,1097,7,4
999,PADLR Sandakan,31,19,7,64,16,5.33,45.71,140,0,4
1000,KC Sangakkara,397,373,40,13975,169,41.96,78.88,17717,90,15
1001,CP Senanayake,7,7,0,126,27,18,59.71,211,0,1
1002,SMSM Senanayake,49,33,11,290,42,13.18,93.24,311,0,6
1003,MD Shanaka,71,63,5,1299,108,22.39,91.47,1420,4,6
1004,KJ Silva,1,1,1,1,1,0,100,1,0,0
1005,LPC Silva,75,62,7,1587,107,28.85,70.4,2254,13,6
1006,SAR Silva,20,20,0,441,85,22.05,52.62,838,3,1
1007,TAM Siriwardana,27,24,1,516,66,22.43,98.28,525,3,1
1008,APB Tennekoon,4,4,0,137,59,34.25,66.18,207,1,1
1009,WU Tharanga,234,222,17,6941,174,33.85,75.99,9134,37,17
1010,M Theekshana,38,22,8,248,38,17.71,55.85,444,0,4
1011,HDRL Thirimanne,127,106,14,3194,139,34.71,72.27,4420,21,7
1012,T Thushara,38,27,6,392,54,18.66,92.45,424,1,4
1013,HP Tillakaratne,200,168,40,3789,104,29.6,57.51,6588,13,10
1014,MH Tissera,3,3,0,78,52,26,53.06,147,1,0
1015,I Udana,21,18,4,237,78,16.92,95.18,249,1,2
1016,ML Udawatte,9,9,0,257,73,28.55,67.1,383,2,1
1017,KEA Upashantha,12,8,1,49,15,7,56.97,86,0,0
1018,WPUJC Vaas,321,219,72,2018,50,13.72,72.45,2785,1,25
1019,JDF Vandersay,22,14,4,111,25,11.1,47.63,233,0,2
1020,MG Vandort,1,1,0,48,48,48,41.02,117,0,0
1021,KDK Vithanage,6,6,1,75,27,15,83.33,90,0,0
1022,DM Vonhagt,1,1,0,8,8,8,47.05,17,0,0
1023,B Warnapura,12,12,0,180,77,15,43.37,415,1,1
1024,SM Warnapura,3,3,0,35,30,11.66,46.05,76,0,1
1025,KPJ Warnaweera,6,3,3,1,1,0,9.09,11,0,0
1026,AP Weerakkody,1,1,0,2,2,2,50,4,0,0
1027,DS Weerakkody,3,3,0,73,58,24.33,110.6,66,1,0
1028,K Weeraratne,15,9,1,160,41,20,90.39,177,0,0
1029,UWMBCA Welegedara,10,3,2,4,2,4,44.44,9,0,0
1030,DN Wellalage,18,15,3,207,42,17.25,76.95,269,0,3
1031,MD Wettimuny,1,1,0,2,2,2,18.18,11,0,0
1032,S Wettimuny,35,33,1,786,86,24.56,48.04,1636,4,1
1033,SRD Wettimuny,3,3,1,136,67,68,56.19,242,2,0
1034,RPAH Wickramaratne,3,2,0,4,3,2,66.66,6,0,0
1035,GP Wickramasinghe,134,64,24,344,32,8.6,63.35,543,0,12
1036,AGD Wickremasinghe,4,1,0,2,2,2,20,10,0,0
1037,KIW Wijegunawardene,26,12,5,20,8,2.85,36.36,55,0,4
1038,RGCE Wijesuriya,8,3,2,18,12,18,37.5,48,0,1
1039,DNT Zoysa,95,47,21,343,47,13.19,95.81,358,0,5
1040,JC Adams,127,105,28,2204,82,28.62,60.98,3614,14,7
1041,Akeem Jordan,2,1,1,3,3,0,50,6,0,0
1042,FA Allen,20,16,3,200,51,15.38,98.52,203,1,2
1043,SW Ambris,16,15,2,473,148,36.38,95.74,494,2,0
1044,CEL Ambrose,176,96,36,639,31,10.65,64.87,985,0,13
1045,HAG Anthony,3,3,0,23,21,7.66,104.54,22,0,1
1046,KLT Arthurton,105,93,20,1904,84,26.08,67.46,2822,9,12
1047,A Athanaze,7,7,0,240,66,34.28,95.23,252,2,0
1048,RA Austin,1,1,0,8,8,8,61.53,13,0,0
1049,SFAF Bacchus,29,26,3,612,80,26.6,65.94,928,3,2
1050,LS Baker,10,4,2,13,11,6.5,56.52,23,0,1
1051,OAC Banks,5,5,0,83,33,16.6,55.7,149,0,0
1052,EAE Baptiste,43,16,4,184,31,15.33,76.34,241,0,0
1053,AB Barath,14,14,1,394,113,30.3,64.37,612,1,2
1054,CS Baugh,47,35,11,482,49,20.08,67.03,719,0,2
1055,RR Beaton,2,2,1,15,12,15,29.41,51,0,0
1056,KCG Benjamin,26,13,7,65,17,10.83,81.25,80,0,1
1057,WKM Benjamin,85,52,12,298,31,7.45,73.39,406,0,10
1058,SJ Benn,47,30,7,182,31,7.91,75.83,240,0,5
1059,DE Bernard,20,12,2,141,38,14.1,64.38,219,0,1
1060,CA Best,24,23,4,473,100,24.89,68.55,690,2,2
1061,TL Best,26,16,8,76,24,9.5,60.8,125,0,1
1062,D Bishoo,42,25,10,164,29,10.93,62.35,263,0,8
1063,IR Bishop,84,44,19,405,33,16.2,52.19,776,0,3
1064,IDR Bradshaw,62,34,11,287,37,12.47,59.79,480,0,6
1065,CR Brathwaite,44,37,3,559,101,16.44,91.04,614,1,2
1066,KC Brathwaite,10,10,0,278,78,27.8,57.55,483,1,0
1067,DJ Bravo,164,141,24,2968,112,25.36,82.3,3606,10,11
1068,DM Bravo,122,117,14,3109,124,30.18,70.11,4434,18,9
1069,SSJ Brooks,29,29,1,842,101,30.07,75.58,1114,4,5
1070,D Brown,3,2,1,10,9,10,50,20,0,0
1071,BS Browne,4,3,2,8,8,8,33.33,24,0,1
1072,CO Browne,46,32,8,415,46,17.29,70.33,590,0,3
1073,PA Browne,5,5,1,134,49,33.5,74.86,179,0,0
1074,HR Bryan,15,8,2,43,11,7.16,60.56,71,0,1
1075,DK Butler,5,4,3,25,13,25,73.52,34,0,0
1076,JD Campbell,6,5,0,248,179,49.6,115.88,214,0,0
1077,SL Campbell,90,87,0,2283,105,26.24,59.25,3853,14,9
1078,Y Cariah,14,7,1,93,52,15.5,56.02,166,1,0
1079,JL Carter,33,28,3,581,54,23.24,70.68,822,3,1
1080,KU Carty,19,17,3,440,87,31.42,66.36,663,2,1
1081,S Chanderpaul,268,251,40,8778,150,41.6,70.74,12409,59,6
1082,J Charles,58,58,0,1537,130,26.5,85.24,1803,7,9
1083,RL Chase,42,31,4,687,94,25.44,75.49,910,3,3
1084,S Chattergoon,18,17,2,370,54,24.66,60.16,615,2,2
1085,ST Clarke,10,8,2,60,20,10,103.44,58,0,1
1086,PT Collins,30,12,5,30,10,4.28,60,50,0,2
1087,CD Collymore,84,35,17,104,13,5.77,39.84,261,0,8
1088,SS Cottrell,38,19,11,88,17,11,67.69,130,0,2
1089,RT Crandon,1,1,0,5,5,5,55.55,9,0,0
1090,CEH Croft,19,6,4,18,8,9,47.36,38,0,0
1091,CE Cuffy,41,22,8,62,17,4.42,49.6,125,0,5
1092,ML Cummins,11,3,1,10,5,5,37.03,27,0,0
1093,AC Cummins,63,41,11,459,44,15.3,83.3,551,0,3
1094,WW Daniel,18,5,4,49,16,49,87.5,56,0,0
1095,WW Davis,35,5,3,28,10,14,52.83,53,0,0
1096,J Da Silva,2,2,0,14,9,7,40,35,0,0
1097,N Deonarine,31,29,3,682,65,26.23,68.95,989,4,0
1098,R Dhanraj,6,2,1,8,8,8,25,32,0,0
1099,M Dillon,108,51,20,227,21,7.32,55.23,411,0,9
1100,TM Dowlin,11,11,2,228,100,25.33,65.51,348,1,2
1101,SO Dowrich,1,1,0,6,6,6,75,8,0,0
1102,DC Drakes,3,2,0,11,8,5.5,64.7,17,0,0
1103,VC Drakes,34,17,5,94,25,7.83,54.02,174,0,2
1104,PJL Dujon,169,120,36,1945,82,23.15,67.51,2881,6,8
1105,FH Edwards,50,22,14,73,13,9.12,45.62,160,0,2
1106,KA Edwards,16,16,2,331,123,23.64,67,494,0,3
1107,RR Emrit,2,2,1,13,13,13,37.14,35,0,0
1108,SE Findlay,9,8,1,146,59,20.85,75.25,194,1,0
1109,ADS Fletcher,25,25,0,354,54,14.16,64.48,549,2,3
1110,MW Forde,1,1,1,13,13,0,81.25,16,0,0
1111,MLC Foster,2,1,0,25,25,25,40.32,62,0,0
1112,RC Fredericks,12,12,0,311,105,25.91,70.68,440,1,0
1113,RS Gabriel,11,11,0,167,41,15.18,46.38,360,0,2
1114,ST Gabriel,25,16,9,24,12,3.42,38.09,63,0,4
1115,D Ganga,35,34,1,843,71,25.54,59.61,1414,9,5
1116,J Garner,98,41,15,239,37,9.19,66.38,360,0,5
1117,LV Garrick,3,3,0,99,76,33,48.52,204,1,0
1118,CH Gayle,298,291,17,10425,215,38.04,87.16,11961,53,24
1119,OD Gibson,15,11,1,141,52,14.1,102.17,138,1,1
1120,HA Gomes,83,64,15,1415,101,28.87,54.88,2578,6,5
1121,AH Gray,25,11,5,51,10,8.5,66.23,77,0,1
1122,JP Greaves,3,3,0,29,12,9.66,34.11,85,0,0
1123,AE Greenidge,1,1,0,23,23,23,69.69,33,0,0
1124,CG Greenidge,128,127,13,5134,133,45.03,64.92,7908,31,3
1125,AFG Griffith,9,8,1,99,47,14.14,55.93,177,0,0
1126,JN Hamilton,1,1,0,5,5,5,31.25,16,0,0
1127,KJ Harding,1,1,1,1,1,0,100,1,0,0
1128,RA Harper,105,73,20,855,45,16.13,73.58,1162,0,5
1129,DL Haynes,238,237,28,8648,152,41.37,63.09,13707,57,13
1130,RC Haynes,8,6,1,26,18,5.2,39.39,66,0,2
1131,RGA Headley,1,1,0,19,19,19,46.34,41,0,0
1132,C Hemraj,6,6,0,82,32,13.66,83.67,98,0,0
1133,SO Hetmyer,53,50,3,1515,139,32.23,104.55,1449,4,3
1134,RO Hinds,14,9,3,101,18,16.83,59.41,170,0,0
1135,WW Hinds,119,111,10,2880,127,28.51,65.55,4394,14,8
1136,KAR Hodge,3,2,0,26,26,13,89.65,29,0,1
1137,JO Holder,138,114,24,2237,99,24.85,90.23,2479,12,11
1138,RIC Holder,37,31,6,599,65,23.96,68.37,876,2,4
1139,VA Holder,12,6,1,64,30,12.8,75.29,85,0,1
1140,MA Holding,102,42,11,282,64,9.09,74.8,377,2,9
1141,CL Hooper,227,206,43,5761,113,35.34,76.63,7518,29,7
1142,KA Hope,7,6,0,138,46,23,71.87,192,0,0
1143,SD Hope,121,116,16,5132,170,51.32,77.92,6586,25,5
1144,AJ Hosein,38,28,9,266,60,14,73.07,364,1,3
1145,RO Hurley,9,4,0,13,6,3.25,40.62,32,0,1
1146,DP Hyatt,9,9,1,112,39,14,59.57,188,0,1
1147,RD Jacobs,147,112,32,1865,80,23.31,70.06,2662,9,11
1148,JNT Seales,10,5,2,17,16,5.66,41.46,41,0,2
1149,KCB Jeremy,6,4,2,17,8,8.5,40.47,42,0,1
1150,LR Johnson,6,6,0,98,51,16.33,56,175,1,1
1151,AS Joseph,66,39,16,400,49,17.39,72.07,555,0,4
1152,SC Joseph,13,11,1,161,58,16.1,53.31,302,1,2
1153,BD Julien,12,8,2,86,26,14.33,58.1,148,0,1
1154,AI Kallicharran,31,28,4,826,78,34.41,62.15,1329,6,0
1155,RB Kanhai,7,5,2,164,55,54.66,60.07,273,2,0
1156,BA King,37,37,2,1054,112,30.11,84.05,1254,6,5
1157,CL King,18,14,2,280,86,23.33,104.86,267,1,2
1158,RD King,50,23,14,65,12,7.22,32.01,203,0,5
1159,CB Lambert,11,11,0,368,119,33.45,80.7,456,2,1
1160,BC Lara,295,285,32,10348,169,40.9,79.62,12997,62,14
1161,JJC Lawson,13,5,2,18,8,6,112.5,16,0,0
1162,E Lewis,57,54,4,1847,176,36.94,82.97,2226,10,3
1163,RN Lewis,28,21,5,291,49,18.18,79.29,367,0,1
1164,CH Lloyd,87,69,19,1977,102,39.54,81.22,2434,11,1
1165,AL Logie,158,133,36,2809,109,28.95,73.9,3801,14,13
1166,AM McCarthy,2,2,0,15,12,7.5,36.58,41,0,0
1167,XM Marshall,24,24,3,375,157,17.85,68.8,545,0,5
1168,A Martin,9,6,5,10,4,10,34.48,29,0,0
1169,EH Mattis,2,2,0,86,62,43,45.26,190,1,0
1170,KR Mayers,28,26,0,660,120,25.38,85.16,775,2,3
1171,NO Miller,50,27,13,284,51,20.28,79.1,359,1,4
1172,JN Mohammed,36,31,2,630,91,21.72,66.95,941,4,2
1173,RS Morton,56,51,6,1519,110,33.75,66.36,2289,10,7
1174,EA Moseley,9,6,2,7,2,1.75,46.66,15,0,2
1175,G Motie,10,6,2,60,39,15,86.95,69,0,0
1176,DA Murray,10,7,2,45,35,9,32.14,140,0,1
1177,DL Murray,26,17,5,294,61,24.5,62.82,468,2,0
1178,JR Murray,55,36,6,678,86,22.6,72.98,929,5,4
1179,MV Nagamootoo,24,18,6,162,33,13.5,60,270,0,1
1180,SP Narine,65,45,12,363,36,11,82.31,441,0,8
1181,BP Nash,9,7,3,104,39,26,73.75,141,0,0
1182,AR Nurse,54,40,14,502,44,19.3,97.85,513,0,2
1183,KY Ottley,2,2,0,25,24,12.5,48.07,52,0,0
1184,BA Parchment,7,7,0,122,48,17.42,56.22,217,0,0
1185,DR Parry,6,5,1,61,32,15.25,79.22,77,0,0
1186,BP Patterson,59,20,15,44,13,8.8,43.56,101,0,1
1187,KMA Paul,30,22,7,320,46,21.33,96.96,330,0,2
1188,NO Perry,21,16,8,212,52,26.5,62.35,340,1,2
1189,A Phillip,5,2,1,22,21,22,88,25,0,0
1190,K Pierre,3,2,0,39,21,19.5,82.97,47,0,0
1191,KA Pollard,123,113,9,2706,119,26.01,94.41,2866,13,15
1192,N Pooran,61,58,8,1983,118,39.66,99.15,2000,11,3
1193,DBL Powell,55,25,3,118,48,5.36,71.95,164,0,8
1194,KOA Powell,46,44,0,1005,83,22.84,78.63,1278,9,4
1195,R Powell,51,48,3,979,101,21.75,84.9,1153,2,3
1196,RL Powell,109,100,16,2085,124,24.82,96.66,2157,8,8
1197,MR Pydanna,3,1,1,2,2,0,66.66,3,0,0
1198,RR Ramdass,1,1,0,1,1,1,11.11,9,0,0
1199,D Ramdin,139,110,22,2200,169,25,80.35,2738,8,4
1200,D Ramnarine,4,3,0,5,2,1.66,38.46,13,0,0
1201,R Rampaul,92,40,11,362,86,12.48,76.69,472,1,3
1202,IVA Richards,187,167,24,6721,189,47,90.2,7451,45,7
1203,RB Richardson,224,217,30,6248,122,33.41,63.74,9802,44,8
1204,KAJ Roach,95,60,36,308,34,12.83,51.85,594,0,9
1205,AME Roberts,56,32,9,231,37,10.04,64.7,357,0,3
1206,FA Rose,27,23,5,217,30,12.05,81.88,265,0,2
1207,LG Rowe,11,8,0,136,60,17,55.73,244,1,0
1208,AD Russell,56,47,9,1034,92,27.21,130.22,794,4,6
1209,SE Rutherford,3,3,0,72,63,24,78.26,92,1,0
1210,DJG Sammy,126,105,30,1871,89,24.94,100.05,1870,9,4
1211,MN Samuels,207,196,26,5606,133,32.97,75.11,7464,30,11
1212,RG Samuels,8,5,2,54,36,18,85.71,63,0,0
1213,RR Sarwan,181,169,33,5804,120,42.67,75.74,7663,38,8
1214,KF Semple,7,6,0,64,23,10.66,38.78,165,0,0
1215,R Shepherd,28,22,3,391,50,20.57,104.82,373,1,2
1216,IT Shillingford,2,2,0,30,24,15,78.94,38,0,0
1217,S Shivnarine,1,1,1,20,20,0,46.51,43,0,0
1218,LMP Simmons,68,65,3,1958,122,31.58,73.05,2680,16,9
1219,PV Simmons,143,138,11,3675,122,28.93,67.96,5408,18,14
1220,K Sinclair,7,3,1,38,25,19,59.37,64,0,0
1221,DR Smith,105,89,5,1560,97,18.57,92.69,1683,8,14
1222,DS Smith,47,45,2,1059,107,24.62,70.31,1506,5,4
1223,OF Smith,9,8,1,199,46,28.42,167.22,119,0,0
1224,JE Taylor,90,42,9,278,43,8.42,86.06,323,0,7
1225,DC Thomas,21,19,2,238,37,14,65.38,364,0,3
1226,O Thomas,22,11,6,13,6,2.6,22.41,58,0,3
1227,PA Wallace,33,33,0,701,103,21.24,60.9,1151,2,4
1228,CA Walsh,205,79,33,321,30,6.97,71.17,451,0,11
1229,HR Walsh,21,11,3,128,46,16,72.31,177,0,0
1230,CAK Walton,9,8,0,53,19,6.62,61.62,86,0,4
1231,D Williams,36,23,7,147,32,9.18,60.74,242,0,4
1232,KOK Williams,8,5,4,19,16,19,70.37,27,0,0
1233,LR Williams,15,13,2,124,41,11.27,66.66,186,0,2
1234,SC Williams,57,55,6,1586,105,32.36,66.02,2402,12,6
1235,Mohammad Nabi,156,137,15,3208,116,26.29,85.89,3735,16,6
1236,Mujeeb Ur Rahman,75,40,14,236,64,9.07,90.07,262,1,12
1237,Naveen-ul-Haq,15,10,5,37,10,7.4,68.51,54,0,2
1238,Rashid Khan,103,81,14,1316,60,19.64,105.28,1250,5,8
1239,Q de Kock,155,155,7,6770,178,45.74,96.64,7005,30,4
1240,AB de Villiers,223,213,39,9427,176,54.17,101.27,9309,52,7
1241,F du Plessis,143,136,20,5507,185,47.47,88.6,6216,35,3
1242,DA Miller,173,149,43,4458,139,42.05,103.31,4315,24,9
