SR NO.,Player,Match,Inns,Balls,Overs,Mdns,Runs,Wkts,Ave,Econ,SR,4,5
1,A Kumble,269,263,14376,2396,109,10300,334,30.83,4.29,43.04,8,2
2,J Srinath,229,227,11935,1989.1,137,8847,315,28.08,4.44,37.88,7,3
3,AB Agarkar,191,188,9484,1580.4,100,8021,288,27.85,5.07,32.93,10,2
4,Z Khan,194,191,9815,1635.5,112,8102,269,30.11,4.95,36.48,7,1
5,Harbhajan Singh,234,225,12359,2059.5,83,8872,265,33.47,4.3,46.63,2,3
6,N Kapil Dev,225,221,11202,1867,235,6945,253,27.45,3.71,44.27,3,1
7,RA Jadeja,197,189,9750,1625,56,7936,220,36.07,4.88,44.31,7,2
8,BKV Prasad,161,160,8129,1354.5,79,6332,196,32.3,4.67,41.47,3,1
9,Mohammed Shami,101,100,4985,830.5,51,4618,195,23.68,5.55,25.56,10,5
10,IK Pathan,120,118,5855,975.5,53,5142,173,29.72,5.26,33.84,5,2
11,Kuldeep Yadav,103,100,5189,864.5,29,4370,168,26.01,5.05,30.88,7,2
12,M Prabhakar,130,127,6360,1060,76,4534,157,28.87,4.27,40.5,4,2
13,R Ashwin,116,114,6303,1050.3,37,5180,156,33.2,4.93,40.4,1,0
14,A Nehra,117,117,5637,939.3,53,4899,155,31.6,5.21,36.36,5,2
15,SR Tendulkar,463,270,8054,1342.2,24,6850,154,44.48,5.1,52.29,4,2
16,JJ Bumrah,89,88,4580,763.2,57,3509,149,23.55,4.59,30.73,6,2
17,B Kumar,121,120,5847,974.3,68,4951,141,35.11,5.08,41.46,4,1
18,RJ Shastri,150,136,6613,1102.1,56,4650,129,36.04,4.21,51.26,2,1
19,YS Chahal,72,69,3739,623.1,14,3283,121,27.13,5.26,30.9,5,2
20,I Sharma,80,78,3733,622.1,29,3563,115,30.98,5.72,32.46,6,0
21,Yuvraj Singh,301,158,4988,831.2,18,4227,110,38.42,5.08,45.34,2,1
22,UT Yadav,75,73,3558,593,23,3565,106,33.63,6.01,33.56,4,0
23,SC Ganguly,308,170,4543,757.1,30,3835,100,38.35,5.06,45.43,1,2
24,V Sehwag,241,142,4290,715,13,3737,94,39.75,5.22,45.63,1,0
25,MM Patel,70,67,3154,525.4,38,2603,86,30.26,4.95,36.67,3,0
26,HH Pandya,86,80,3199,533.1,15,2960,84,35.23,5.55,38.08,1,0
27,RMH Binny,72,67,2957,492.5,37,2260,77,29.35,4.58,38.4,3,0
28,P Kumar,68,67,3242,540.2,45,2774,77,36.02,5.13,42.1,3,0
29,S Sreesanth,53,52,2476,412.4,16,2508,75,33.44,6.07,33.01,2,1
30,S Madan Lal,67,64,3164,0,44,2137,73,29.27,4.05,43.34,2,0
31,RP Singh,58,57,2565,427.3,31,2343,69,33.95,5.48,37.17,2,0
32,SB Joshi,69,67,3386,564.2,33,2509,69,36.36,4.44,49.07,1,1
33,RR Singh,136,117,3734,622.2,28,2985,69,43.26,4.79,54.11,0,2
34,Mohammed Siraj,41,40,1825,304.1,29,1550,68,22.79,5.09,26.83,2,1
35,C Sharma,65,63,2835,472.3,19,2336,67,34.86,4.94,42.31,0,0
36,Maninder Singh,59,57,3133,522.1,33,2066,66,31.3,3.95,47.46,1,0
37,SN Thakur,47,46,1940,323.2,10,2014,65,30.98,6.22,29.84,3,0
38,A Mishra,36,34,1917,319.3,19,1511,64,23.6,4.72,29.95,2,2
39,SLV Raju,53,52,2770,461.4,16,2014,63,31.96,4.36,43.96,2,0
40,AR Patel,57,52,2607,434.3,19,1972,60,32.86,4.53,43.45,0,0
41,DS Mohanty,45,44,1996,332.4,21,1662,57,29.15,4.99,35.01,1,0
42,N Chopra,39,37,1835,305.5,21,1286,46,27.95,4.2,39.89,1,1
43,M Amarnath,85,64,2730,0,17,1971,46,42.84,4.33,59.34,0,0
44,R Vinay Kumar,31,31,1436,239.2,19,1423,38,37.44,5.94,37.78,1,0
45,M Kartik,37,36,1907,317.5,19,1612,37,43.56,5.07,51.54,0,1
46,SK Raina,226,101,2126,354.2,5,1811,36,50.3,5.11,59.05,0,0
47,RR Powar,31,29,1536,256,6,1191,34,35.02,4.65,45.17,0,0
48,L Balaji,30,30,1447,241.1,11,1344,34,39.52,5.57,42.55,1,0
49,YK Pathan,57,50,1490,248.2,3,1365,33,41.36,5.49,45.15,0,0
50,PP Chawla,25,25,1312,218.4,6,1117,32,34.9,5.1,41,2,0
51,MM Sharma,26,25,1121,186.5,12,1020,31,32.9,5.45,36.16,1,0
52,Arshad Ayub,32,32,1769,294.5,19,1216,31,39.22,4.12,57.06,0,1
53,M Prasidh Krishna,17,17,794,132.2,7,742,29,25.58,5.6,27.37,2,0
54,RK Chauhan,35,34,1634,272.2,12,1216,29,41.93,4.46,56.34,0,0
55,KM Jadhav,73,42,1187,197.5,1,1020,27,37.77,5.15,43.96,0,0
56,K Srikkanth,146,33,712,118.4,3,641,25,25.64,5.4,28.48,0,2
57,A Kuruvilla,25,25,1131,188.3,18,890,25,35.6,4.72,45.24,1,0
58,Harvinder Singh,16,16,686,114.2,6,609,24,25.37,5.32,28.58,0,0
59,ND Hirwani,18,18,960,160,6,719,23,31.26,4.49,41.73,3,0
60,DR Doshi,15,15,792,132,8,524,22,23.81,3.96,36,2,0
61,SK Sharma,23,22,979,163.1,6,813,22,36.95,4.98,44.5,0,1
62,PP Ojha,18,17,876,146,5,652,21,31.04,4.46,41.71,1,0
63,STR Binny,14,12,490,81.4,4,439,20,21.95,5.37,24.5,0,1
64,A Jadeja,196,52,1248,208,2,1094,20,54.7,5.25,62.4,0,0
65,DS Kulkarni,12,12,598,99.4,5,508,19,26.73,5.09,31.47,1,0
66,Washington Sundar,19,16,636,106,2,521,18,28.94,4.91,35.33,0,0
67,HH Kanitkar,34,28,1006,167.4,4,803,17,47.23,4.78,59.17,0,0
68,R Vijay Bharadwaj,10,9,372,62,3,307,16,19.18,4.95,23.25,0,0
69,DL Chahar,13,12,510,85,5,489,16,30.56,5.75,31.87,0,0
70,BS Sandhu,22,21,1110,185,15,763,16,47.68,4.12,69.37,0,0
71,KK Ahmed,11,11,480,80,2,465,15,31,5.81,32,0,0
72,L Sivaramakrishnan,16,16,756,126,5,538,15,35.86,4.26,50.4,0,0
73,SM Patil,45,20,864,144,9,589,15,39.26,4.09,57.6,0,0
74,KD Ghavri,19,19,1033,172.1,12,708,15,47.2,4.11,68.86,0,0
75,AK Sharma,31,29,1140,190,5,875,15,58.33,4.6,76,0,0
76,D Mongia,57,21,640,106.4,1,571,14,40.78,5.35,45.71,0,0
77,Umran Malik,10,9,366,61,2,399,13,30.69,6.54,28.15,0,0
78,SA Ankola,20,20,807,134.3,4,615,13,47.3,4.57,62.07,0,0
79,M Azharuddin,334,24,552,92,1,479,12,39.91,5.2,46,0,0
80,AB Dinda,13,13,594,99,2,612,12,51,6.18,49.5,0,0
81,AS Wassan,9,9,426,71,0,283,11,25.72,3.98,38.72,0,0
82,NM Kulkarni,10,8,402,67,3,357,11,32.45,5.32,36.54,0,0
83,VR Aaron,9,9,380,63.2,1,419,11,38.09,6.61,34.54,0,0
84,Arshdeep Singh,6,5,241,40.1,2,184,10,18.4,4.58,24.1,1,1
85,RR Kulkarni,10,10,444,74,4,345,10,34.5,4.66,44.4,0,0
86,G Sharma,11,10,486,81,1,361,10,36.1,4.45,48.6,0,0
87,RL Sanghvi,10,10,498,83,1,399,10,39.9,4.8,49.8,0,0
88,JD Unadkat,8,8,342,57,5,225,9,25,3.94,38,1,0
89,S Sriram,8,8,324,54,1,274,9,30.44,5.07,36,0,0
90,Avesh Khan,8,8,356,59.2,5,329,9,36.55,5.54,39.55,1,0
91,T Kumaran,8,8,378,63,4,348,9,38.66,5.52,42,0,0
92,RG Sharma,262,39,598,99.4,2,522,9,58,5.23,66.44,0,0
93,NS Yadav,7,7,330,55,3,228,8,28.5,4.14,41.25,0,0
94,AR Kapoor,17,17,900,150,5,612,8,76.5,4.08,112.5,0,0
95,S Abid Ali,5,5,336,56,10,187,7,26.71,3.33,48,0,0
96,AK Patel,8,6,360,60,4,263,7,37.57,4.38,51.42,0,0
97,BB Sran,6,6,302,50.2,2,269,7,38.42,5.34,43.14,0,0
98,KBJ Azad,25,11,390,65,4,273,7,39,4.2,55.71,0,0
99,BS Bedi,10,10,590,0,17,340,7,48.57,3.45,84.28,0,0
100,SB Bangar,15,14,442,73.4,2,384,7,54.85,5.21,63.14,0,0
101,GD McGrath,249,247,12928,2154.4,279,8354,380,21.98,3.87,34.02,9,7
102,B Lee,221,217,11185,1864.1,141,8877,380,23.36,4.76,29.43,14,9
103,SK Warne,193,190,10600,1766.4,110,7514,291,25.82,4.25,36.42,12,1
104,MG Johnson,153,150,7489,1248.1,74,6038,239,25.26,4.83,31.33,9,3
105,MA Starc,121,121,6240,1040,50,5420,236,22.96,5.21,26.44,12,9
106,CJ McDermott,138,138,7461,1243.3,101,5018,203,24.71,4.03,36.75,4,1
107,SR Waugh,325,207,8883,1480.3,56,6761,195,34.67,4.56,45.55,3,0
108,NW Bracken,116,116,5759,959.5,90,4240,174,24.36,4.41,33.09,5,2
109,SR Watson,190,163,6466,1077.4,35,5342,168,31.79,4.95,38.48,3,0
110,A Zampa,96,96,5052,842,14,4641,165,28.12,5.51,30.61,11,1
111,GB Hogg,123,113,5564,927.2,37,4188,156,26.84,4.51,35.66,3,2
112,JN Gillespie,97,96,5144,857.2,79,3611,142,25.42,4.21,36.22,3,3
113,PJ Cummins,88,88,4583,763.5,44,4042,141,28.66,5.29,32.5,6,1
114,DW Fleming,88,88,4619,769.5,62,3402,134,25.38,4.41,34.47,4,1
115,A Symonds,198,158,5935,989.1,30,4955,133,37.25,5,44.62,2,1
116,JR Hazlewood,85,84,4467,744.3,58,3513,132,26.61,4.71,33.84,1,3
117,SP O'Donnell,87,87,4350,725,49,3102,108,28.72,4.27,40.27,5,1
118,PR Reiffel,92,92,4732,788.4,85,3096,106,29.2,3.92,44.64,5,0
119,DK Lillee,63,63,3593,0,80,2145,103,20.82,3.58,34.88,5,1
120,CJ McKay,59,59,2965,494.1,38,2364,97,24.37,4.78,30.56,4,2
121,PL Taylor,83,80,3937,656.1,33,2740,97,28.24,4.17,40.58,1,0
122,JP Faulkner,69,67,3211,535.1,12,2962,96,30.85,5.53,33.44,4,0
123,TM Alderman,65,65,3371,561.5,75,2056,88,23.36,3.65,38.3,1,2
124,GF Lawson,79,79,4259,709.5,94,2592,88,29.45,3.65,48.39,1,0
125,RM Hogg,71,67,3677,0,57,2418,85,28.44,3.94,43.25,5,0
126,IJ Harvey,73,70,3279,546.3,29,2577,85,30.31,4.71,38.57,4,0
127,ME Waugh,244,120,3687,614.3,11,2938,85,34.56,4.78,43.37,1,1
128,CG Rackemann,52,52,2791,465.1,51,1833,82,22.35,3.94,34.03,3,1
129,AJ Bichel,67,66,3257,542.5,28,2463,78,31.57,4.53,41.75,1,2
130,AR Border,273,87,2661,0,11,2071,73,28.36,4.66,36.45,0,0
131,GS Chappell,74,67,3108,0,41,2097,72,29.12,4.04,43.16,0,2
132,GJ Maxwell,138,110,3719,619.5,12,3384,70,48.34,5.45,53.12,4,0
133,MS Kasprowicz,43,42,2225,370.5,28,1674,67,24.98,4.51,33.2,1,2
134,JR Hopes,84,75,3157,526.1,32,2384,67,35.58,4.53,47.11,0,1
135,NM Hauritz,58,56,2724,454,12,2152,63,34.15,4.74,43.23,2,0
136,BA Reid,61,61,3250,541.4,53,2203,63,34.96,4.06,51.58,0,1
137,SW Tait,35,34,1688,281.2,11,1461,62,23.56,5.19,27.22,2,0
138,DE Bollinger,39,39,1942,323.4,28,1482,62,23.9,4.57,31.32,3,2
139,GRJ Matthews,59,54,2808,468,21,2004,57,35.15,4.28,49.26,0,0
140,MJ Clarke,245,106,2585,430.5,7,2146,57,37.64,4.98,45.35,1,1
141,MR Marsh,89,69,2189,364.5,9,2009,56,35.87,5.5,39.08,1,1
142,JR Thomson,50,50,2696,0,37,1942,55,35.3,4.32,49.01,1,0
143,XJ Doherty,60,56,2792,465.2,17,2224,55,40.43,4.77,50.76,3,0
144,LS Pascoe,29,28,1568,261.2,21,1066,53,20.11,4.07,29.58,4,1
145,SR Clark,39,38,1829,304.5,18,1477,53,27.86,4.84,34.5,2,0
146,DS Lehmann,117,62,1793,298.5,3,1445,52,27.78,4.83,34.48,1,0
147,NM Coulter-Nile,32,32,1678,279.4,10,1555,52,29.9,5.56,32.26,1,0
148,TM Moody,76,66,2797,466.1,31,2014,52,38.73,4.32,53.78,0,0
149,S Lee,45,43,1706,284.2,14,1245,48,25.93,4.37,35.54,1,1
150,MP Stoinis,70,63,2053,342.1,4,2059,48,42.89,6.01,42.77,0,0
151,MR Whitney,38,38,2106,351,43,1249,46,27.15,3.55,45.78,2,0
152,RJ Harris,21,20,1031,171.5,13,832,44,18.9,4.84,23.43,0,3
153,SP Davis,39,39,2016,336,46,1133,44,25.75,3.37,45.81,0,0
154,JW Hastings,29,29,1486,247.4,7,1256,42,29.9,5.07,35.38,1,1
155,KW Richardson,25,25,1312,218.4,11,1240,39,31.79,5.67,33.64,0,1
156,TBA May,47,46,2504,417.2,17,1772,39,45.43,4.24,64.2,0,0
157,MG Hughes,33,33,1639,273.1,22,1115,38,29.34,4.08,43.13,1,0
158,AIC Dodemaide,24,24,1327,221.1,30,753,36,20.91,3.4,36.86,1,1
159,MG Bevan,232,67,1966,327.4,4,1655,36,45.97,5.05,54.61,0,0
160,BA Williams,25,24,1203,200.3,19,814,35,23.25,4.05,34.37,1,2
161,AC Dale,30,30,1596,266,34,979,32,30.59,3.68,49.87,0,0
162,BW Hilfenhaus,25,25,1216,202.4,16,1075,29,37.06,5.3,41.93,0,1
163,NM Lyon,29,29,1626,271,11,1334,29,46,4.92,56.06,1,0
164,SPD Smith,155,40,1076,179.2,1,971,28,34.67,5.41,38.42,0,0
165,JA Richardson,15,15,810,135,11,793,27,29.37,5.87,30,1,0
166,TG Hogan,16,15,917,152.5,12,574,23,24.95,3.75,39.86,1,0
167,SA Abbott,18,18,849,141.3,9,798,22,36.27,5.63,38.59,0,0
168,BP Julian,25,25,1146,191,11,997,22,45.31,5.21,52.09,0,0
169,AC Agar,22,22,1098,183,4,958,21,45.61,5.23,52.28,0,0
170,MHN Walker,17,17,1006,0,24,546,20,27.3,3.25,50.3,1,0
171,DT Christian,20,19,727,121.1,4,595,20,29.75,4.91,36.35,0,1
172,TM Chappell,20,14,736,122.4,4,538,19,28.31,4.38,38.73,0,0
173,JN Maguire,23,20,1009,168.1,12,769,19,40.47,4.57,53.1,0,0
174,GD Campbell,12,12,613,102.1,9,404,18,22.44,3.95,34.05,0,0
175,DR Gilbert,14,14,684,114,4,552,18,30.66,4.84,38,0,1
176,KC Wessels,54,22,737,122.5,2,655,18,36.38,5.33,40.94,0,0
177,DJ Hussey,69,39,802,133.4,1,698,18,38.77,5.22,44.55,2,0
178,TM Head,64,37,1053,175.3,0,999,18,55.5,5.69,58.5,0,0
179,PM Siddle,20,19,901,150.1,10,743,17,43.7,4.94,53,0,0
180,GJ Gilmour,5,5,320,0,9,165,16,10.31,3.09,20,0,2
181,JP Behrendorff,12,12,645,107.3,7,568,16,35.5,5.28,40.31,0,1
182,C Green,23,21,688,114.4,0,656,16,41,5.72,43,0,1
183,JL Pattinson,15,15,727,121.1,6,681,16,42.56,5.62,45.43,1,0
184,SM Boland,14,13,716,119.2,3,725,16,45.31,6.07,44.75,0,0
185,G Dymock,15,14,806,0,16,412,15,27.46,3.06,53.73,0,0
186,KH MacLeay,16,16,857,142.5,8,626,15,41.73,4.38,57.13,0,1
187,GJ Cosier,9,8,409,0,9,248,14,17.71,3.63,29.21,0,1
188,GS Blewett,32,24,749,124.5,3,646,14,46.14,5.17,53.5,0,0
189,P Wilson,11,11,562,93.4,6,450,13,34.61,4.8,43.23,0,0
190,AG Hurst,8,7,402,0,11,203,12,16.91,3.02,33.5,0,1
191,CL White,91,19,331,55.1,2,351,12,29.25,6.36,27.58,0,0
192,RJ McCurdy,11,11,515,85.5,8,375,12,31.25,4.36,42.91,0,0
193,AJ Tye,7,7,387,64.3,1,392,12,32.66,6.07,32.25,0,1
194,SG Law,54,25,807,134.3,3,635,12,52.91,4.72,67.25,0,0
195,DR Martyn,208,31,794,132.2,2,704,12,58.66,5.31,66.16,0,0
196,MF Malone,10,10,612,102,16,315,11,28.63,3.08,55.63,0,0
197,AA Mallett,9,9,502,0,7,341,11,31,4.07,45.63,0,0
198,NT Ellis,8,8,384,64,1,382,10,38.2,5.96,38.4,0,0
199,AM Stuart,3,3,180,30,2,109,8,13.62,3.63,22.5,0,1
200,TJ Laughlin,6,6,308,0,3,224,8,28,4.36,38.5,0,0
201,JM Anderson,194,191,9584,1597.2,125,7861,269,29.22,4.92,35.62,11,2
202,D Gough,158,155,8422,1403.4,120,6154,234,26.29,4.38,35.99,10,2
203,AU Rashid,135,129,6789,1131.3,12,6377,199,32.04,5.63,34.11,8,2
204,SCJ Broad,121,121,6109,1018.1,56,5364,178,30.13,5.26,34.32,9,1
205,CR Woakes,122,118,5737,956.1,52,5193,173,30.01,5.43,33.16,11,3
206,A Flintoff,138,116,5496,916,66,3968,168,23.61,4.33,32.71,6,2
207,IT Botham,116,115,6271,0,109,4139,145,28.54,3.96,43.24,3,0
208,LE Plunkett,89,87,4137,689.3,14,4010,135,29.7,5.81,30.64,6,1
209,PAJ DeFreitas,103,103,5712,952,113,3775,115,32.82,3.96,49.66,1,0
210,PD Collingwood,197,151,5186,864.2,14,4294,111,38.68,4.96,46.72,3,1
211,MM Ali,138,128,5988,998,13,5311,111,47.84,5.32,53.94,2,0
212,TT Bresnan,85,84,4221,703.3,35,3813,109,34.98,5.42,38.72,3,1
213,GP Swann,79,76,3809,634.5,25,2888,104,27.76,4.54,36.62,3,1
214,ST Finn,69,67,3550,591.4,38,2996,102,29.37,5.06,34.8,4,2
215,DJ Willey,73,72,3230,538.2,34,2975,100,29.75,5.52,32.3,4,1
216,RGD Willis,64,64,3595,0,97,1968,80,24.6,3.28,44.93,4,0
217,MA Wood,66,65,3299,549.5,18,3039,77,39.46,5.52,42.84,2,0
218,JE Emburey,61,61,3425,570.5,39,2346,76,30.86,4.1,45.06,2,0
219,SJ Harmison,58,57,2899,483.1,29,2481,76,32.64,5.13,38.14,2,1
220,BA Stokes,114,88,3110,518.2,8,3137,74,42.39,6.05,42.02,1,1
221,AR Caddick,54,53,2937,489.3,66,1965,69,28.47,4.01,42.56,3,0
222,MA Ealham,64,62,3227,537.5,33,2197,67,32.79,4.08,48.16,1,2
223,CC Lewis,53,49,2625,437.3,29,1942,66,29.42,4.43,39.77,4,0
224,C White,51,50,2364,394,25,1726,65,26.55,4.38,36.36,1,1
225,AD Mullally,50,49,2699,449.5,48,1728,63,27.42,3.84,42.84,2,0
226,JC Tredwell,45,44,2104,350.4,18,1666,60,27.76,4.75,35.06,3,0
227,NA Foster,48,48,2627,437.5,25,1836,59,31.11,4.19,44.52,0,0
228,GC Small,53,53,2793,465.3,34,1942,58,33.48,4.17,48.15,1,0
229,AF Giles,62,57,2856,476,17,2069,55,37.61,4.34,51.92,0,1
230,GR Dilley,36,36,2043,340.3,33,1291,48,26.89,3.79,42.56,3,0
231,ARC Fraser,42,42,2392,398.4,57,1412,47,30.04,3.54,50.89,1,0
232,RJW Topley,29,29,1338,223,17,1202,46,26.13,5.39,29.08,2,1
233,CJ Jordan,35,35,1660,276.4,5,1660,46,36.08,6,36.08,0,1
234,CM Old,32,31,1755,0,42,999,45,22.2,3.41,39,2,0
235,RDB Croft,50,49,2466,411,25,1743,45,38.73,4.24,54.8,0,0
236,VJ Marks,34,32,1838,306.2,28,1135,44,25.79,3.7,41.77,0,2
237,DR Pringle,44,44,2379,396.3,53,1677,44,38.11,4.22,54.06,1,0
238,JC Archer,21,21,1139,189.5,14,913,42,21.73,4.8,27.11,0,1
239,DG Cork,32,32,1772,295.2,18,1368,41,33.36,4.63,43.21,0,0
240,RS Bopara,120,74,1860,310,11,1523,40,38.07,4.91,46.5,1,0
241,EE Hemmings,33,32,1752,292,16,1294,37,34.97,4.43,47.35,1,0
242,GA Gooch,125,60,2066,0,26,1516,36,42.11,4.4,57.38,0,0
243,M Hendrick,22,22,1248,0,36,681,35,19.45,3.27,35.65,2,1
244,TK Curran,28,28,1308,218,8,1290,34,37.94,5.91,38.47,2,1
245,SM Curran,32,32,1277,212.5,10,1323,33,40.09,6.21,38.69,1,1
246,DL Underwood,26,24,1278,0,24,734,32,22.93,3.44,39.93,1,0
247,AJ Hollioake,35,32,1208,201.2,3,1019,32,31.84,5.06,37.75,2,0
248,MJ Hoggard,26,26,1306,217.4,13,1152,32,36,5.29,40.81,0,1
249,JW Dernbach,24,24,1234,205.4,6,1308,31,42.19,6.35,39.8,1,0
250,GA Hick,120,47,1236,206,6,1026,30,34.2,4.98,41.2,0,1
251,RK Illingworth,25,25,1501,250.1,13,1059,30,35.3,4.23,50.03,0,0
252,SI Mahmood,26,25,1197,199.3,7,1169,30,38.96,5.85,39.9,1,0
253,RJ Sidebottom,25,25,1277,212.5,12,1039,29,35.82,4.88,44.03,0,0
254,PJ Martin,20,20,1048,174.4,9,806,27,29.85,4.61,38.81,1,0
255,JE Root,171,72,1638,273,2,1587,27,58.77,5.81,60.66,0,0
256,PH Edmonds,29,27,1534,0,19,965,26,37.11,3.77,59,0,0
257,G Miller,25,24,1268,0,20,813,25,32.52,3.84,50.72,0,0
258,PW Jarvis,16,16,879,146.3,8,672,24,28,4.58,36.62,1,1
259,JK Lever,22,22,1152,0,19,713,24,29.7,3.71,48,1,0
260,ID Blackwell,34,26,1230,205,8,877,24,36.54,4.27,51.25,0,0
261,MS Panesar,26,26,1308,218,10,980,24,40.83,4.49,54.5,0,0
262,RC Irani,31,30,1283,213.5,5,989,24,41.2,4.62,53.45,1,1
263,SR Patel,36,32,1187,197.5,4,1091,24,45.45,5.51,49.45,0,1
264,NG Cowans,23,23,1282,213.4,17,913,23,39.69,4.27,55.73,0,0
265,JT Ball,18,18,947,157.5,5,980,21,46.66,6.2,45.09,0,1
266,MH Yardy,28,28,1332,222,7,1075,21,51.19,4.84,63.42,0,0
267,Kabir Ali,14,13,673,112.1,4,682,20,34.1,6.08,33.65,1,0
268,DA Reeve,29,28,1147,191.1,15,820,20,41,4.28,57.35,0,0
269,GG Arnold,14,13,714,0,19,339,19,17.84,2.84,37.57,1,0
270,RD Jackman,15,15,873,145.3,13,598,19,31.47,4.1,45.94,0,0
271,AW Greig,22,19,916,0,10,619,19,32.57,4.05,48.21,1,0
272,PCR Tufnell,20,20,1020,170,12,699,19,36.78,4.11,53.68,1,0
273,AG Wharf,13,13,584,97.2,10,428,18,23.77,4.39,32.44,1,0
274,J Lewis,13,13,716,119.2,13,500,18,27.77,4.18,39.77,1,0
275,MV Fleming,11,11,523,87.1,3,434,17,25.52,4.97,30.76,1,0
276,A Shahzad,11,11,588,98,5,490,17,28.82,5,34.58,0,0
277,LS Livingstone,25,19,566,94.2,2,523,17,30.76,5.54,33.29,0,0
278,DJ Capel,23,22,1038,173,12,805,17,47.35,4.65,61.05,0,0
279,DE Malcolm,10,10,526,87.4,8,404,16,25.25,4.6,32.87,0,0
280,MP Vaughan,86,28,796,132.4,2,649,16,40.56,4.89,49.75,1,0
281,PJW Allott,13,13,819,136.3,19,552,15,36.8,4.04,54.6,0,0
282,BA Carse,14,13,586,97.4,0,582,15,38.8,5.95,39.06,0,1
283,CT Tremlett,15,15,784,130.4,2,705,15,47,5.39,52.26,1,0
284,LJ Wright,50,37,1038,173,2,884,15,58.93,5.1,69.2,0,0
285,JA Snow,9,8,538,0,11,232,14,16.57,2.58,38.42,2,0
286,S Mahmood,8,8,419,69.5,5,320,14,22.85,4.58,29.92,1,0
287,JWM Dalrymple,27,23,840,140,2,666,14,47.57,4.75,60,0,0
288,MP Bicknell,7,7,413,68.5,3,347,13,26.69,5.04,31.76,0,0
289,JN Snape,10,10,529,88.1,2,403,13,31,4.57,40.69,0,0
290,AD Mascarenhas,20,20,822,137,6,634,13,48.76,4.62,63.23,0,0
291,P Willey,26,22,1031,171.5,9,659,13,50.69,3.83,79.3,0,0
292,RM Ellison,14,14,696,116,9,510,12,42.5,4.39,58,0,0
293,RL Johnson,10,9,402,67,7,239,11,21.72,3.56,36.54,0,0
294,P Lever,10,9,440,0,3,261,11,23.72,3.55,40,1,0
295,AAP Atkinson,9,9,382,63.4,0,388,11,35.27,6.09,34.72,0,0
296,R Clarke,20,14,469,78.1,3,415,11,37.72,5.3,42.63,0,0
297,HF Gurney,10,10,455,75.5,4,432,11,39.27,5.69,41.36,1,0
298,DW Headley,13,13,594,99,2,520,11,47.27,5.25,54,0,0
299,Rehan Ahmed,6,5,282,47,2,233,10,23.3,4.95,28.2,1,0
300,WB Rankin,7,6,319,53.1,3,241,10,24.1,4.53,31.9,1,0
301,Sir RJ Hadlee,86,150,21918,0,809,9611,431,22.29,2.63,50.85,25,36
302,TG Southee,96,182,21851,3641.5,843,10827,374,28.94,2.97,58.42,19,15
303,DL Vettori,112,185,28652,4775.2,1194,12330,361,34.15,2.58,79.36,19,20
304,TA Boult,78,149,17417,2902.5,656,8717,317,27.49,3,54.94,18,10
305,N Wagner,63,120,13581,2263.3,466,7095,258,27.5,3.13,52.63,13,9
306,CS Martin,71,126,14026,2337.4,486,7878,233,33.81,3.37,60.19,10,10
307,CL Cairns,62,104,11698,1949.4,414,6410,218,29.4,3.28,53.66,11,13
308,DK Morrison,48,76,10064,1677.2,313,5549,160,34.68,3.3,62.9,9,10
309,BL Cairns,43,72,10628,0,447,4280,130,32.92,2.41,81.75,5,6
310,EJ Chatfield,43,73,10360,0,489,3958,123,32.17,2.29,84.22,9,3
311,RO Collinge,35,62,7689,0,228,3393,116,29.25,2.64,66.28,5,3
312,BR Taylor,30,53,6334,0,206,2953,111,26.6,2.79,57.06,5,4
313,JG Bracewell,41,67,8403,1400.3,360,3653,102,35.81,2.6,82.38,5,4
314,RC Motz,32,55,7034,0,279,3148,100,31.48,2.68,70.34,3,5
315,SB Doull,32,51,6053,1008.5,251,2872,98,29.3,2.84,61.76,4,6
316,DJ Nash,32,53,6196,1032.4,311,2649,93,28.48,2.56,66.62,5,3
317,SE Bond,18,32,3372,562,113,1922,87,22.09,3.41,38.75,7,5
318,HJ Howarth,30,50,8833,0,393,3178,86,36.95,2.15,102.7,5,2
319,JR Reid,58,72,7725,0,444,2835,85,33.35,2.2,90.88,5,1
320,JEC Franklin,31,54,4767,794.3,143,2786,82,33.97,3.5,58.13,6,3
321,DR Tuffey,26,45,4877,812.5,209,2445,77,31.75,3,63.33,7,2
322,DN Patel,37,53,6594,1099,253,3154,75,42.05,2.86,87.92,3,3
323,KA Jamieson,18,34,3366,561,178,1486,74,20.08,2.64,45.48,3,5
324,SL Boock,30,48,6598,0,327,2564,74,34.64,2.33,89.16,1,4
325,DAJ Bracewell,28,51,5164,860.4,157,2873,74,38.82,3.33,69.78,0,2
326,IE O'Brien,22,37,4394,732.2,158,2429,73,33.27,3.31,60.19,3,1
327,MJ Henry,21,41,5119,853.1,174,2689,72,37.34,3.15,71.09,4,1
328,DR Hadlee,26,44,4883,0,114,2389,71,33.64,2.93,68.77,5,0
329,AR MacGibbon,26,37,5659,0,228,2160,70,30.85,2.29,80.84,6,1
330,JS Patel,24,42,5833,972.1,202,3078,65,47.35,3.16,89.73,2,1
331,AY Patel,16,29,3573,595.3,109,1845,62,29.75,3.09,57.62,2,4
332,FJ Cameron,19,35,4570,761.4,220,1849,62,29.82,2.42,73.7,3,3
333,PJ Wiseman,25,45,5660,943.2,209,2903,61,47.59,3.07,92.78,2,2
334,JDP Oram,33,55,4964,827.2,240,1983,60,33.05,2.39,82.73,1,0
335,BE Congdon,61,66,5620,0,197,2154,59,36.5,2.29,95.25,1,1
336,MC Snedden,25,41,4775,795.5,194,2199,58,37.91,2.76,82.32,3,1
337,IS Sodhi,20,37,4001,666.5,91,2464,57,43.22,3.69,70.19,2,1
338,SB O'Connor,19,34,3667,611.1,149,1724,53,32.52,2.82,69.18,2,1
339,RS Cunis,20,38,4250,0,140,1887,51,37,2.66,83.33,1,1
340,NJ Astle,81,94,5688,948,317,2143,51,42.01,2.26,111.52,0,0
341,MD Craig,15,29,3669,611.3,100,2326,50,46.52,3.8,73.38,3,1
342,C de Grandhomme,29,53,4054,675.4,163,1615,49,32.95,2.39,82.73,1,1
343,JC Alabaster,21,32,3992,665.2,178,1863,49,38.02,2.8,81.46,4,0
344,MJ Santner,25,42,4271,711.5,147,1987,47,42.27,2.79,90.87,0,0
345,J Cowie,9,13,2028,338,65,969,45,21.53,2.86,45.06,3,4
346,KD Mills,19,31,2902,483.4,118,1453,44,33.02,3,65.95,2,0
347,RW Blair,19,28,3525,0,114,1515,43,35.23,2.57,81.97,3,0
348,W Watson,15,25,3486,581,182,1387,40,34.67,2.38,87.15,1,1
349,V Pollard,32,49,4421,0,207,1853,40,46.32,2.51,110.52,0,0
350,GB Troup,15,26,3183,0,105,1454,39,37.28,2.74,81.61,2,1
351,ML Su'a,13,22,2843,473.5,92,1377,36,38.25,2.9,78.97,0,2
352,BW Yuile,17,26,2897,0,168,1213,34,35.67,2.51,85.2,1,0
353,HB Cave,19,25,4074,679,242,1467,34,43.14,2.16,119.82,2,0
354,TB Burtt,10,14,2593,432.1,119,1170,33,35.45,2.7,78.57,1,3
355,KS Williamson,96,67,2151,358.3,48,1207,30,40.23,3.36,71.7,1,0
356,JA Hayes,15,19,2675,445.5,86,1217,30,40.56,2.72,89.16,1,0
357,C Pringle,14,22,2985,497.3,113,1389,30,46.3,2.79,99.5,1,1
358,MN Hart,14,22,3086,514.2,127,1438,29,49.58,2.79,106.41,0,1
359,CD McMillan,55,50,2502,417,101,1257,28,44.89,3.01,89.35,0,0
360,AM Moir,17,19,2650,441.4,82,1418,28,50.64,3.21,94.64,1,2
361,JV Coney,52,53,2835,0,135,966,27,35.77,2.04,105,0,0
362,GR Larsen,8,14,1967,327.5,109,689,24,28.7,2.1,81.95,0,0
363,GA Bartlett,10,18,1768,294.4,64,792,24,33,2.68,73.66,0,1
364,IG Butler,8,14,1368,228,37,884,24,36.83,3.87,57,1,1
365,MG Bracewell,8,16,1551,258.3,38,1003,24,41.79,3.88,64.62,1,0
366,MR Gillespie,5,8,868,144.4,24,631,22,28.68,4.36,39.45,1,3
367,SB Styris,29,36,1960,326.4,77,1015,20,50.75,3.1,98,0,0
368,SA Thomson,19,26,1990,331.4,74,953,19,50.15,2.87,104.73,0,0
369,GI Allott,10,16,2023,337.1,62,1111,19,58.47,3.29,106.47,1,0
370,DR O'Sullivan,11,15,2744,0,75,1224,18,68,2.67,152.44,0,1
371,HT Davis,5,9,1010,168.2,26,499,17,29.35,2.96,59.41,0,1
372,MB Owens,8,12,1074,179,42,585,17,34.41,3.26,63.17,2,0
373,HG Vivian,7,10,1311,218.3,44,633,17,37.23,2.89,77.11,1,0
374,EJ Gray,10,16,2076,346,87,886,17,52.11,2.56,122.11,0,0
375,CJ Drum,5,9,806,134.2,27,482,16,30.12,3.58,50.37,0,0
376,FT Badcock,7,9,1608,268,66,610,16,38.12,2.27,100.5,1,0
377,GO Rabone,12,14,1385,0,48,635,16,39.68,2.75,86.56,0,1
378,CJ Anderson,13,23,1302,217,34,659,16,41.18,3.03,81.37,0,0
379,PJ Petherick,6,10,1305,0,37,681,16,42.56,3.13,81.56,0,0
380,CZ Harris,23,29,2560,426.4,106,1170,16,73.12,2.74,160,0,0
381,WER Somerville,6,12,1466,244.2,34,724,15,48.26,2.96,97.73,1,0
382,BP Bracewell,6,11,1036,0,29,585,14,41.78,3.38,74,0,0
383,JDS Neesham,12,21,1076,179.2,18,675,14,48.21,3.76,76.85,0,0
384,MD Crowe,77,35,1377,229.3,52,676,14,48.28,2.94,98.35,0,0
385,GF Cresswell,3,4,650,108.2,30,292,13,22.46,2.69,50,0,1
386,DA Stirling,6,10,902,150.2,24,601,13,46.23,3.99,69.38,1,0
387,BM Tickner,3,6,635,105.5,10,435,12,36.25,4.11,52.91,1,0
388,RC Blunt,9,14,936,156,34,472,12,39.33,3.02,78,0,0
389,WE Merritt,6,9,936,156,10,617,12,51.41,3.95,78,1,0
390,BP Martin,5,9,1518,253,77,646,12,53.83,2.55,126.5,2,0
391,JTC Vaughan,6,8,1040,173.2,41,450,11,40.9,2.59,94.54,1,0
392,RP de Groen,5,7,1060,176.4,44,505,11,45.9,2.85,96.36,0,0
393,GWF Overton,3,4,729,91.1,23,258,9,28.66,2.12,81,0,0
394,DD Beard,4,7,806,134.2,37,302,9,33.55,2.24,89.55,0,0
395,MB Poore,14,11,788,0,24,367,9,40.77,2.79,87.55,0,0
396,KP Walmsley,3,6,774,129,26,391,9,43.44,3.03,86,0,0
397,BJ Arnel,6,11,1008,168,37,566,9,62.88,3.36,112,1,0
398,GD Phillips,3,3,264,44,6,131,8,16.37,2.97,33,1,0
399,GR Dickinson,3,6,451,75.1,13,245,8,30.62,3.25,56.37,0,0
400,MJ Guptill,47,18,428,71.2,8,298,8,37.25,4.17,53.5,0,0
401,CA Walsh,205,204,10822,1803.4,185,6918,227,30.47,3.83,47.67,6,1
402,CEL Ambrose,176,175,9353,1558.5,192,5429,225,24.12,3.48,41.56,6,4
403,DJ Bravo,164,150,6511,1085.1,38,5874,199,29.51,5.41,32.71,6,1
404,CL Hooper,227,203,9573,1595.3,53,6958,193,36.05,4.36,49.6,3,0
405,CH Gayle,298,197,7377,1229.3,38,5868,167,35.13,4.77,44.17,3,1
406,JO Holder,138,134,6402,1067,64,5878,159,36.96,5.5,40.26,5,2
407,MD Marshall,136,134,7175,1195.5,122,4233,157,26.96,3.53,45.7,6,0
408,J Garner,98,98,5330,888.2,141,2752,146,18.84,3.09,36.5,2,3
409,MA Holding,102,102,5473,912.1,99,3034,142,21.36,3.32,38.54,5,1
410,M Dillon,108,107,5480,913.2,70,4218,130,32.44,4.61,42.15,3,3
411,JE Taylor,90,88,4341,723.3,35,3780,128,29.53,5.22,33.91,3,1
412,KAJ Roach,95,93,4579,763.1,53,3885,125,31.08,5.09,36.63,3,3
413,IR Bishop,84,83,4332,722,49,3127,118,26.5,4.33,36.71,7,2
414,IVA Richards,187,131,5644,0,26,4228,118,35.83,4.49,47.83,1,2
415,R Rampaul,92,88,4033,672.1,33,3434,117,29.35,5.1,34.47,8,2
416,AS Joseph,66,65,3392,565.2,23,3054,108,28.27,5.4,31.4,4,1
417,WKM Benjamin,85,85,4442,740.2,58,3079,100,30.79,4.15,44.42,0,1
418,RA Harper,105,99,5175,862.3,47,3431,100,34.31,3.97,51.75,3,0
419,SP Narine,65,65,3540,590,35,2435,92,26.46,4.12,38.47,4,2
420,BP Patterson,59,58,3050,508.2,37,2206,90,24.51,4.33,33.88,1,1
421,MN Samuels,207,134,5091,848.3,23,4127,89,46.37,4.86,57.2,0,0
422,AME Roberts,56,56,3123,0,76,1771,87,20.35,3.4,35.89,2,1
423,PV Simmons,143,103,3880,646.4,38,2876,83,34.65,4.44,46.74,2,0
424,CD Collymore,84,80,4074,679,45,2924,83,35.22,4.3,49.08,1,1
425,DJG Sammy,126,119,4956,826,41,3851,81,47.54,4.66,61.18,1,0
426,AC Cummins,63,61,3143,523.5,23,2246,78,28.79,4.28,40.29,2,1
427,IDR Bradshaw,62,62,3172,528.4,38,2299,78,29.47,4.34,40.66,0,0
428,RD King,50,50,2603,433.5,41,1807,76,23.77,4.16,34.25,2,0
429,DBL Powell,55,55,2850,475,35,2239,71,31.53,4.71,40.14,2,0
430,AD Russell,56,55,2290,381.4,14,2229,70,31.84,5.84,32.71,5,0
431,DR Smith,105,73,2726,454.2,18,2285,61,37.45,5.02,44.68,3,1
432,FH Edwards,50,49,2138,356.2,23,1812,60,30.2,5.08,35.63,0,2
433,AJ Hosein,38,38,2090,348.2,12,1687,57,29.59,4.84,36.66,1,0
434,KA Pollard,123,82,2275,379.1,4,2161,55,39.29,5.69,41.36,0,0
435,SS Cottrell,38,36,1722,287,11,1685,52,32.4,5.87,33.11,2,1
436,VC Drakes,34,34,1640,273.2,22,1293,51,25.35,4.73,32.15,3,2
437,AR Nurse,54,49,2384,397.2,6,2125,49,43.36,5.34,48.65,2,0
438,NAM McLean,45,45,2120,353.2,18,1729,46,37.58,4.89,46.08,0,0
439,NO Miller,50,46,2125,354.1,16,1660,45,36.88,4.68,47.22,2,0
440,AH Gray,25,24,1270,211.4,16,835,44,18.97,3.94,28.86,2,1
441,JC Adams,127,56,1856,309.2,12,1499,43,34.86,4.84,43.16,0,1
442,CR Brathwaite,44,40,1825,304.1,11,1766,43,41.06,5.8,42.44,2,1
443,KLT Arthurton,105,44,1384,230.4,4,1159,42,27.59,5.02,32.95,3,0
444,HA Gomes,83,36,1345,224.1,10,1045,41,25.48,4.66,32.8,2,0
445,CE Cuffy,41,41,2153,358.5,41,1436,41,35.02,4,52.51,1,0
446,PT Collins,30,30,1577,262.5,18,1212,39,31.07,4.61,40.43,0,1
447,WW Davis,35,35,1923,320.3,31,1302,39,33.38,4.06,49.3,0,1
448,SJ Benn,47,46,2387,397.5,15,1913,39,49.05,4.8,61.2,3,0
449,D Bishoo,42,40,2022,337,8,1668,38,43.89,4.94,53.21,0,0
450,EAE Baptiste,43,43,2214,369,30,1511,36,41.97,4.09,61.5,0,0
451,OD Gibson,15,15,739,123.1,8,621,34,18.26,5.04,21.73,2,2
452,TL Best,26,26,1300,216.4,9,1157,34,34.02,5.34,38.23,2,0
453,KMA Paul,30,29,1253,208.5,4,1238,34,36.41,5.92,36.85,0,0
454,KCG Benjamin,26,26,1319,219.5,12,923,33,27.96,4.19,39.96,0,0
455,ST Gabriel,25,25,1148,191.2,6,1134,33,34.36,5.92,34.78,0,0
456,CEH Croft,19,19,1070,178.2,21,620,30,20.66,3.47,35.66,0,1
457,O Thomas,22,21,861,143.3,1,954,29,32.89,6.64,29.68,1,1
458,FA Rose,27,27,1326,221,13,1046,29,36.06,4.73,45.72,0,1
459,WW Hinds,119,34,945,157.3,3,837,28,29.89,5.31,33.75,0,0
460,HR Walsh,21,21,982,163.4,1,882,28,31.5,5.38,35.07,1,1
461,RL Chase,42,35,1457,242.5,6,1184,27,43.85,4.87,53.96,0,0
462,R Shepherd,28,27,1098,183,6,1019,25,40.76,5.56,43.92,0,0
463,WW Daniel,18,18,912,152,17,595,23,25.86,3.91,39.65,0,0
464,RN Lewis,28,25,1150,191.4,2,983,22,44.68,5.12,52.27,0,0
465,NO Perry,21,21,946,157.4,2,783,20,39.15,4.96,47.3,0,0
466,VA Holder,12,12,681,0,9,454,19,23.89,4,35.84,0,1
467,G Motie,10,10,535,89.1,5,340,18,18.88,3.81,29.72,1,0
468,BD Julien,12,12,778,0,21,463,18,25.72,3.57,43.22,2,0
469,LR Williams,15,15,659,109.5,2,556,18,30.88,5.06,36.61,0,0
470,MV Nagamootoo,24,24,1189,198.1,4,998,18,55.44,5.03,66.05,1,0
471,JJC Lawson,13,12,558,93,5,498,17,29.29,5.35,32.82,1,0
472,RR Sarwan,181,25,581,96.5,3,586,16,36.62,6.05,36.31,0,0
473,NC McGarrell,17,17,859,143.1,2,681,15,45.4,4.75,57.26,0,0
474,DE Bernard,20,17,624,104,5,526,14,37.57,5.05,44.57,0,0
475,KR Mayers,28,23,686,114.2,3,632,14,45.14,5.52,49,0,0
476,S Chanderpaul,268,28,740,123.2,0,636,14,45.42,5.15,52.85,0,0
477,ST Clarke,10,10,524,87.2,13,245,13,18.84,2.8,40.3,0,0
478,KD Boyce,8,8,470,0,4,313,13,24.07,3.99,36.15,1,0
479,Y Cariah,14,14,597,99.3,1,622,13,47.84,6.25,45.92,0,0
480,HR Bryan,15,15,722,120.2,5,518,12,43.16,4.3,60.16,1,0
481,DR Parry,6,6,330,55,2,259,11,23.54,4.7,30,0,0
482,K Sinclair,7,7,381,63.3,1,282,11,25.63,4.44,34.63,2,0
483,A Martin,9,9,444,74,5,296,11,26.9,4,40.36,1,0
484,LS Baker,10,9,426,71,6,355,11,32.27,5,38.72,0,0
485,RL Powell,109,25,473,78.5,3,491,11,44.63,6.22,43,0,0
486,CL King,18,15,744,124,7,529,11,48.09,4.26,67.63,1,0
487,R Dhanraj,6,5,264,44,2,170,10,17,3.86,26.4,1,0
488,D Mohammed,7,6,353,58.5,5,235,10,23.5,3.99,35.3,0,0
489,OF Smith,9,9,283,47.1,0,261,10,26.1,5.53,28.3,0,0
490,KOK Williams,8,7,330,55,0,293,9,32.55,5.32,36.66,1,0
491,ML Cummins,11,9,450,75,3,474,9,52.66,6.32,50,0,0
492,SL Campbell,90,8,196,32.4,0,170,8,21.25,5.2,24.5,1,0
493,CEL Stuart,5,5,258,43,3,205,8,25.62,4.76,32.25,0,1
494,CH Lloyd,87,10,358,0,7,210,8,26.25,3.51,44.75,0,0
495,V Permaul,7,7,331,55.1,0,271,8,33.87,4.91,41.37,0,0
496,JN Mohammed,36,16,440,73.2,2,340,8,42.5,4.63,55,0,0
497,OAC Banks,5,5,270,45,1,189,7,27,4.2,38.57,0,0
498,EA Moseley,9,8,330,55,2,278,7,39.71,5.05,47.14,0,0
499,FA Allen,20,18,666,111,0,627,7,89.57,5.64,95.14,0,0
500,RA Reifer,6,5,161,26.5,0,149,6,24.83,5.55,26.83,0,0
501,Rashid Khan,103,98,5300,883.2,32,3748,183,20.48,4.24,28.96,6,4
502,Mohammad Nabi,156,151,7314,1219,47,5229,162,32.27,4.28,45.14,4,0
503,Dawlat Zadran,82,80,3769,628.1,42,3423,115,29.76,5.44,32.77,3,0
504,Mujeeb Ur Rahman,75,74,3968,661.2,39,2863,101,28.34,4.32,39.28,3,1
505,Gulbadin Naib,79,73,2697,449.3,12,2452,72,34.05,5.45,37.45,3,1
506,Hamid Hassan,38,37,1734,289,24,1330,59,22.54,4.6,29.38,2,1
507,Mirwais Ashraf,46,45,2009,334.5,25,1360,46,29.56,4.06,43.67,1,0
508,Samiullah Shinwari,84,65,2111,351.5,10,1729,46,37.58,4.91,45.89,1,0
509,Shapoor Zadran,44,44,1983,330.3,34,1589,43,36.95,4.8,46.11,2,0
510,Aftab Alam,27,27,1257,209.3,14,1033,41,25.19,4.93,30.65,1,0
511,Amir Hamza,31,31,1552,258.4,22,1016,40,25.4,3.92,38.8,1,0
512,Fazalhaq Farooqi,27,27,1188,198,12,1108,38,29.15,5.59,31.26,3,0
513,Naveen-ul-Haq,15,15,691,115.1,2,708,22,32.18,6.14,31.4,1,0
514,Fareed Ahmad,15,14,612,102,4,525,21,25,5.14,29.14,0,0
515,Rahmat Shah,106,29,543,90.3,2,532,15,35.46,5.87,36.2,0,1
516,Sharafuddin Ashraf,19,19,848,141.2,4,605,13,46.53,4.28,65.23,0,0
517,Azmatullah Omarzai,22,22,658,109.4,2,624,13,48,5.68,50.61,0,0
518,Khaliq Dad,6,6,252,42,4,150,9,16.66,3.57,28,0,0
519,Javed Ahmadi,47,19,452,75.2,0,363,9,40.33,4.81,50.22,1,0
520,Izatullah Dawlatzai,5,5,210,35,4,146,8,18.25,4.17,26.25,1,0
521,Nawroz Mangal,49,16,293,48.5,3,235,8,29.37,4.81,36.62,0,0
522,Yamin Ahmadzai,9,8,340,56.4,4,304,7,43.42,5.36,48.57,0,0
523,Noor Ahmad,7,7,354,59,1,338,7,48.28,5.72,50.57,0,0
524,Karim Sadiq,24,12,320,53.2,3,201,6,33.5,3.76,53.33,0,0
525,Qais Ahmad,1,1,46,7.4,0,32,3,10.66,4.17,15.33,0,0
526,Hasti Gul,2,2,114,19,1,73,3,24.33,3.84,38,0,0
527,Asghar Afghan,114,7,139,23.1,1,91,3,30.33,3.92,46.33,0,0
528,Rokhan Barakzai,1,1,60,10,1,45,2,22.5,4.5,30,0,0
529,Abdullah Mazari,2,2,96,16,1,49,2,24.5,3.06,48,0,0
530,Zahir Khan,1,1,60,10,0,55,2,27.5,5.5,30,0,0
531,Usman Ghani,17,2,38,6.2,0,34,1,34,5.36,38,0,0
532,Sayed Shirzad,2,1,48,8,0,56,1,56,7,48,0,0
533,Dawlat Ahmadzai,3,3,112,18.4,1,121,1,121,6.48,112,0,0
534,Abdul Rahman,3,3,104,17.2,0,133,1,133,7.67,104,0,0
535,SM Pollock,414,504,40026,6671,1531,19451,823,23.63,2.91,48.63,35,21
536,DW Steyn,263,340,25818,4303,732,16297,697,23.38,3.78,37.04,33,29
537,M Ntini,283,370,29671,4945.1,882,18041,661,27.29,3.64,44.88,27,22
538,AA Donald,236,291,24080,4013.2,762,13270,602,22.04,3.3,40,22,22
539,JH Kallis,513,568,31086,5181,924,18398,572,32.16,3.55,54.34,10,7
540,M Morkel,241,312,22958,3826.2,653,14242,535,26.62,3.72,42.91,27,10
541,K Rabada,219,267,17794,2965.4,439,12513,506,24.72,4.21,35.16,20,16
542,Imran Tahir,162,176,10251,1708.3,124,7450,291,25.6,4.36,35.22,10,7
543,L Klusener,220,248,14223,2370.3,364,8784,272,32.29,3.7,52.29,3,7
544,VD Philander,101,153,12753,2125.3,527,6100,269,22.67,2.86,47.4,10,13
545,KA Maharaj,121,153,12336,2056,313,7412,237,31.27,3.6,52.05,6,9
546,A Nel,117,147,11479,1913.1,338,6896,231,29.85,3.6,49.69,7,4
547,L Ngidi,114,126,5755,959.1,120,4944,202,24.47,5.15,28.49,7,5
548,N Boje,157,179,13101,2183.3,314,7643,196,38.99,3.5,66.84,11,4
549,PS de Villiers,101,116,9227,1537.5,307,4699,180,26.1,3.05,51.26,8,5
550,WD Parnell,135,134,4874,812.2,38,4937,173,28.53,6.07,28.17,5,3
551,HJ Tayfield,37,61,13568,0,602,4405,170,25.91,1.94,79.81,5,14
552,PR Adams,69,99,9959,1659.5,346,5220,163,32.02,3.14,61.09,5,4
553,WJ Cronje,256,238,9157,1526.1,276,5254,157,33.46,3.44,58.32,1,1
554,T Shamsi,118,117,4372,728.4,19,4294,156,27.52,5.89,28.02,5,2
555,AL Phehlukwayo,122,118,3951,658.3,26,4069,147,27.68,6.17,26.87,4,0
556,BM McMillan,116,139,9671,1611.5,288,5126,145,35.35,3.18,66.69,3,0
557,A Nortje,72,83,4686,781,85,3594,144,24.95,4.6,32.54,6,4
558,AJ Hall,111,118,6390,1065,125,4192,143,29.31,3.93,44.68,3,1
559,RJ Peterson,115,120,6152,1025.2,101,4547,137,33.18,4.43,44.9,4,1
560,CK Langeveldt,87,90,4686,781,56,3796,133,28.54,4.86,35.23,2,3
561,JP Duminy,326,233,6679,1113.1,57,5343,132,40.47,4.79,50.59,3,0
562,CR Matthews,74,88,6983,1163.5,284,3477,131,26.54,2.98,53.3,4,2
563,J Botha,121,122,5494,915.4,41,4212,126,33.42,4.59,43.6,2,0
564,TL Goddard,41,75,11736,0,706,3226,123,26.22,1.64,95.41,2,5
565,LL Tsotsobe,89,92,4302,717,81,3336,121,27.57,4.65,35.55,7,0
566,PM Pollock,28,52,6522,0,270,2806,116,24.18,2.58,56.22,1,9
567,PL Symcox,100,114,7552,1258.4,160,4365,109,40.04,3.46,69.28,2,0
568,PL Harris,40,66,8989,1498.1,340,3984,106,37.58,2.65,84.8,3,3
569,NAT Adcock,26,46,6391,0,218,2195,104,21.1,2.06,61.45,5,5
570,KJ Abbott,60,69,3820,636.4,108,2516,99,25.41,3.95,38.58,2,3
571,R McLaren,68,67,2930,488.2,21,2596,97,26.76,5.31,30.2,5,1
572,CH Morris,69,71,3015,502.3,28,2912,94,30.97,5.79,32.07,3,0
573,M Jansen,40,49,3146,524.2,67,2429,90,26.98,4.63,34.95,4,2
574,CL Vincent,25,40,5851,975.1,194,2631,84,31.32,2.69,69.65,5,3
575,GA Faulkner,25,43,4227,704.3,124,2180,82,26.58,3.09,51.54,4,4
576,D Pretorius,60,59,2128,354.4,31,1895,77,24.61,5.34,27.63,1,1
577,M Hayward,37,50,3814,635.4,95,2467,75,32.89,3.88,50.85,2,1
578,JA Morkel,107,98,2816,469.2,19,2782,74,37.59,5.92,38.05,2,0
579,AEE Vogler,15,28,2764,460.4,96,1455,64,22.73,3.15,43.18,3,5
580,JH Sinclair,25,41,3598,0,110,1996,63,31.68,3.32,57.11,4,1
581,RP Snell,47,51,3120,520,67,2112,63,33.52,4.06,49.52,4,1
582,D Olivier,17,29,2202,367,61,1418,62,22.87,3.86,35.51,1,3
583,JM Blanckenberg,18,25,3888,648,132,1817,60,30.28,2.8,64.8,1,4
584,PS Heine,14,27,3890,0,106,1455,58,25.08,2.24,67.06,2,4
585,R Telemachus,40,40,1990,331.4,23,1655,58,28.53,4.98,34.31,1,0
586,NBF Mann,19,33,5796,0,260,1920,58,33.1,1.98,99.93,5,1
587,S Elworthy,43,45,2569,428.1,64,1679,57,29.45,3.92,45.07,2,0
588,RO Schwarz,20,31,2639,439.5,66,1417,55,25.76,3.22,47.98,4,2
589,AMB Rowan,15,25,5193,0,136,2084,54,38.59,2.4,96.16,2,4
590,EP Nupen,17,31,4159,693.1,133,1788,50,35.76,2.57,83.18,1,5
591,CB Llewellyn,15,21,2292,0,55,1421,48,29.6,3.71,47.75,2,4
592,AJ Bell,16,26,3342,557,89,1567,48,32.64,2.81,69.62,1,4
593,G Coetzee,21,24,1112,185.2,9,1105,47,23.51,5.96,23.65,2,0
594,SJ Pegler,16,23,2989,498.1,84,1572,47,33.44,3.15,63.59,3,2
595,AM Phangiso,37,37,1427,237.5,6,1272,46,27.65,5.34,31.02,0,0
596,JT Partridge,11,20,3684,0,136,1373,44,31.2,2.23,83.72,3,3
597,MJ Procter,7,14,1514,252.2,80,616,41,15.02,2.44,36.92,3,1
598,BE Hendricks,30,29,1026,171,7,1148,41,28,6.71,25.02,1,1
599,AW Nourse,45,57,3234,539,120,1553,41,37.87,2.88,78.87,2,0
600,AE Hall,7,14,2361,393.3,107,886,40,22.15,2.25,59.02,3,3
601,EJ Barlow,30,46,3021,0,115,1362,40,34.05,2.7,75.52,0,1
602,ACB Langton,15,23,4199,0,104,1827,40,45.67,2.61,104.97,4,1
603,SR Harmer,10,16,2105,350.5,68,1075,39,27.56,3.06,53.97,4,0
604,BN Schultz,10,15,1787,297.5,83,784,38,20.63,2.63,47.02,4,2
605,JM Kemp,91,53,1656,276,30,1142,38,30.05,4.13,43.57,0,0
606,PWA Mulder,32,40,1560,260,49,1027,36,28.52,3.95,43.33,0,0
607,Q McMillan,13,22,2021,336.5,38,1243,36,34.52,3.69,56.13,2,2
608,CN McCarthy,15,25,3499,0,64,1510,36,41.94,2.58,97.19,2,2
609,SJ Snooke,26,29,1620,270,62,702,35,20.05,2.6,46.28,1,1
610,NA Quinn,12,19,2922,487,103,1145,35,32.71,2.35,83.48,2,1
611,EO Simons,23,23,1212,202,21,810,33,24.54,4,36.72,1,0
612,D Wiese,26,26,686,114.2,0,813,33,24.63,7.11,20.78,0,1
613,RE van der Merwe,26,26,969,161.3,2,866,31,27.93,5.36,31.25,0,0
614,M Zondeki,18,23,1302,217,32,961,31,31,4.42,42,1,1
615,RK Kleinveldt,20,23,1302,217,28,1043,31,33.64,4.8,42,1,0
616,AK Markram,144,61,1352,225.2,8,1269,30,42.3,5.63,45.06,0,0
617,JC Watkins,15,27,2805,0,134,816,29,28.13,1.74,96.72,3,0
618,CW Henderson,11,16,2179,363.1,81,1060,29,36.55,2.91,75.13,3,0
619,GB Lawrence,5,9,1334,222.2,62,512,28,18.28,2.3,47.64,2,2
620,CP Carter,10,12,1475,245.5,47,694,28,24.78,2.82,52.67,0,2
621,GF Linde,19,21,851,141.5,18,664,27,24.59,4.68,31.51,1,1
622,MW Pringle,21,22,1522,253.4,33,874,27,32.37,3.44,56.37,1,0
623,B Mitchell,42,39,2525,0,26,1380,27,51.11,3.27,93.51,1,1
624,M de Lange,12,14,797,132.5,11,703,26,27.03,5.29,30.65,1,1
625,AC Dawson,21,23,1153,192.1,25,832,26,32,4.32,44.34,1,0
626,MG Melle,7,12,1667,0,20,851,26,32.73,3.06,64.11,1,2
627,AH McKinnon,8,15,2546,424.2,153,925,26,35.57,2.17,97.92,1,0
628,DL Piedt,9,15,1824,304,46,1175,26,45.19,3.86,70.15,3,1
629,GC Smith,345,83,2468,411.2,28,1893,26,72.8,4.6,94.92,0,0
630,GF Bissett,4,8,989,164.5,28,469,25,18.76,2.84,39.56,2,2
631,DN Crookes,32,30,1221,203.3,5,1011,25,40.44,4.96,48.84,0,0
632,J Theron,13,13,388,64.4,0,434,24,18.08,6.71,16.16,1,1
633,J Middleton,6,11,1064,0,61,442,24,18.41,2.49,44.33,2,2
634,DJ Terbrugge,11,17,1138,189.4,46,622,24,25.91,3.27,47.41,1,1
